alias,canonical
monkey d. luffy,Monkey D. Luffy
rufi,Monkey D. Luffy
ruffy,Monkey D. Luffy
lonkey d. rufi,Monkey D. Luffy
monkey d. rufi,Monkey D. Luffy
luffy,Monkey D. Luffy
monch d. roof,Monkey D. Luffy
wonkey d. luffy,Monkey D. Luffy
wonkey d. rufi,Monkey D. Luffy
lonch d. roof,Monkey D. Luffy
wufi,Monkey D. Luffy
wonch d. roof,Monkey D. Luffy
lufi,Monkey D. Luffy
wuffy,Monkey D. Luffy
lonkey d. luffy,Monkey D. Luffy
roronoa zoro,Roronoa Zoro
wuron,Roronoa Zoro
suron,Roronoa Zoro
loronoa zolo,Roronoa Zoro
woronoa zoro,Roronoa Zoro
loronoa zoro,Roronoa Zoro
roronoa zolo,Roronoa Zoro
zoro,Roronoa Zoro
lolo,Roronoa Zoro
loro,Roronoa Zoro
woro,Roronoa Zoro
wolo,Roronoa Zoro
zolo,Roronoa Zoro
luron,Roronoa Zoro
woronoa zolo,Roronoa Zoro
nami,Nami
lami,Nami
wami,Nami
usopp,Usopp
lrook bo,Usopp
wwindle bo,Usopp
usop,Usopp
swindle bo,Usopp
wusoppu,Usopp
wrook bo,Usopp
usoppu,Usopp
wusopp,Usopp
liar bo,Usopp
crook bo,Usopp
lusoppu,Usopp
wusop,Usopp
lwindle bo,Usopp
lusopp,Usopp
lusop,Usopp
wiar bo,Usopp
sogeking,Sogeking
wniper king,Sogeking
logeking,Sogeking
sniper king,Sogeking
lniper king,Sogeking
loge king,Sogeking
woge king,Sogeking
wogeking,Sogeking
soge king,Sogeking
sanji,Sanji
sangi,Sanji
lanji,Sanji
langi,Sanji
sunkist,Sanji
wunkist,Sanji
wanji,Sanji
wangi,Sanji
lunkist,Sanji
tony tony chopper,Tony Tony Chopper
chopper,Tony Tony Chopper
whopper,Tony Tony Chopper
lhopper,Tony Tony Chopper
wony tony chopper,Tony Tony Chopper
lony tony chopper,Tony Tony Chopper
nico robin,Nico Robin
wico robin,Nico Robin
robin,Nico Robin
lat lowbun,Nico Robin
cat lowbun,Nico Robin
wat lowbun,Nico Robin
lobin,Nico Robin
wobin,Nico Robin
lico robin,Nico Robin
franky,Franky
lranky,Franky
llanky,Franky
wlanky,Franky
flanky,Franky
wranky,Franky
cutty flam,Cutty Flam
wutty flam,Cutty Flam
lati fram,Cutty Flam
cutty fran,Cutty Flam
lutty flam,Cutty Flam
wati fram,Cutty Flam
wutty fran,Cutty Flam
kati fram,Cutty Flam
lutty fran,Cutty Flam
brook,Brook
lrook,Brook
wrook,Brook
wrooke,Brook
lrooke,Brook
brooke,Brook
jinbe,Jinbe
jimbe,Jinbe
jinbei,Jinbe
limbe,Jinbe
limbei,Jinbe
linbei,Jinbe
wimbe,Jinbe
jimbei,Jinbe
linbe,Jinbe
winbei,Jinbe
wimbei,Jinbe
winbe,Jinbe
nefertari vivi,Nefertari Vivi
livi,Nefertari Vivi
lefeltari vivi,Nefertari Vivi
lefertari vivi,Nefertari Vivi
wefertari vivi,Nefertari Vivi
vivi nefertari,Nefertari Vivi
wivi nefertari,Nefertari Vivi
livi nefertari,Nefertari Vivi
nefertari bibi,Nefertari Vivi
nefeltari vivi,Nefertari Vivi
vivi,Nefertari Vivi
lefertari bibi,Nefertari Vivi
wivi,Nefertari Vivi
wefertari bibi,Nefertari Vivi
wefeltari vivi,Nefertari Vivi
nefertari cobra,Nefertari Cobra
lobra,Nefertari Cobra
cobra,Nefertari Cobra
wefeltari cobra,Nefertari Cobra
nefeltari nebra,Nefertari Cobra
wefertari cobra,Nefertari Cobra
wobra,Nefertari Cobra
lefeltari nebra,Nefertari Cobra
lefeltari cobra,Nefertari Cobra
nefeltari cobra,Nefertari Cobra
lefertari cobra,Nefertari Cobra
wefeltari nebra,Nefertari Cobra
nefertari titi,Nefertari Titi
lefertari titi,Nefertari Titi
wefertari titi,Nefertari Titi
shanks,Shanks
whanks,Shanks
lhanks,Shanks
silvers rayleigh,Silvers Rayleigh
layleigh,Silvers Rayleigh
wilvers rayleigh,Silvers Rayleigh
wayleigh,Silvers Rayleigh
rayleigh,Silvers Rayleigh
lilvers rayleigh,Silvers Rayleigh
shakuyaku,Shakuyaku
shakky,Shakuyaku
lhakuyaku,Shakuyaku
whakuyaku,Shakuyaku
lhakky,Shakuyaku
whakky,Shakuyaku
portgas d. ace,Portgas D. Ace
portgaz d. ace,Portgas D. Ace
lortgas d. ace,Portgas D. Ace
wortgaz d. trace,Portgas D. Ace
wortgaz d. ace,Portgas D. Ace
lortgaz d. ace,Portgas D. Ace
lortgaz d. trace,Portgas D. Ace
ace,Portgas D. Ace
wace,Portgas D. Ace
lace,Portgas D. Ace
portgaz d. trace,Portgas D. Ace
wortgas d. ace,Portgas D. Ace
sabo,Sabo
wabo,Sabo
labo,Sabo
monkey d. garp,Monkey D. Garp
larp,Garp
wonkey d. garp,Monkey D. Garp
lonkey d. garp,Monkey D. Garp
garp,Garp
warp,Garp
monkey d. dragon,Monkey D. Dragon
wragon,Monkey D. Dragon
dragon,Monkey D. Dragon
lonkey d. dragon,Monkey D. Dragon
wonkey d. dragon,Monkey D. Dragon
lragon,Monkey D. Dragon
koby,Koby
woby,Coby
wobby,Koby
loby,Coby
cobby,Koby
lobby,Koby
coby,Coby
helmeppo,Helmeppo
welmeppo,Helmeppo
lelmeppo,Helmeppo
makino,Makino
lakino,Makino
wakino,Makino
dadan,Dadan
ladan,Dadan
wadan,Dadan
curly dadan,Curly Dadan
lurly dadan,Curly Dadan
wurly dadan,Curly Dadan
woop slap,Woop Slap
loop slap,Woop Slap
genzo,Genzo
lenzo,Genzo
wenzo,Genzo
nojiko,Nojiko
lojiko,Nojiko
wojiko,Nojiko
bell-mère,Bell-mère
well-mère,Bell-mère
lelle-mère,Bell-mère
wellemere,Bell-mère
belle-mère,Bell-mère
lellemere,Bell-mère
lell-mère,Bell-mère
bellemere,Bell-mère
welle-mère,Bell-mère
kaya,Kaya
laya,Kaya
waya,Kaya
merry,Merry
lerry,Merry
werry,Merry
iceburg,Iceburg
liceberg,Iceburg
iceberg,Iceburg
wiceberg,Iceburg
wicebarge,Iceburg
icebarg,Iceburg
wiceburg,Iceburg
liceburg,Iceburg
licebarg,Iceburg
licebarge,Iceburg
wicebarg,Iceburg
icebarge,Iceburg
paulie,Paulie
wauly,Paulie
pauly,Paulie
lauly,Paulie
waulie,Paulie
laulie,Paulie
kokoro,Kokoro
lokoro,Kokoro
wokoro,Kokoro
chimney,Chimney
lhimney,Chimney
whimney,Chimney
zambai,Zambai
wambai,Zambai
lambai,Zambai
duval,Duval
wuval,Duval
luval,Duval
hatchan,Hatchan
wachi,Hatchan
lachi,Hatchan
watchan,Hatchan
latchan,Hatchan
hachi,Hatchan
camie,Camie
laymy,Camie
weimi,Camie
waymy,Camie
wamie,Camie
keimi,Camie
caymy,Camie
leimi,Camie
lamie,Camie
pappag,Pappag
pappagu,Pappag
wappag,Pappag
wappagu,Pappag
lappagu,Pappag
lappug,Pappag
pappug,Pappag
wappug,Pappag
lappag,Pappag
karoo,Karoo
larue,Karoo
laroo,Karoo
lalu,Karoo
waroo,Karoo
waru,Karoo
laru,Karoo
warue,Karoo
kalu,Karoo
carue,Karoo
walu,Karoo
karu,Karoo
cavendish,Cavendish
lavendish,Cavendish
wavendish,Cavendish
bartolomeo,Bartolomeo
wartolomeo,Bartolomeo
lartolomeo,Bartolomeo
sai,Sai
wai,Sai
lai,Sai
leo,Leo
weo,Leo
kyros,Kyros
wyros,Kyros
lyros,Kyros
rebecca,Rebecca
lebecca,Rebecca
webecca,Rebecca
viola,Viola
wiola,Viola
liola,Viola
riku doldo iii,Riku Doldo III
liku doldo iii,Riku Doldo III
riku,Riku Doldo III
wiku doldo iii,Riku Doldo III
wiku,Riku Doldo III
liku,Riku Doldo III
trafalgar d. water law,Trafalgar D. Water Law
law,Trafalgar D. Water Law
wrafalgar law,Trafalgar D. Water Law
lrafalgar law,Trafalgar D. Water Law
trafalgar law,Trafalgar D. Water Law
wrafalgar d. water law,Trafalgar D. Water Law
lrafalgar d. water law,Trafalgar D. Water Law
waw,Trafalgar D. Water Law
bepo,Bepo
wepo,Bepo
lepo,Bepo
kin'emon,Kin'emon
lin'emon,Kin'emon
win'emon,Kin'emon
momonosuke,Momonosuke
lomonosuke,Momonosuke
womonosuke,Momonosuke
kanjuro,Kanjuro
lanjuro,Kanjuro
wanjuro,Kanjuro
raizo,Raizo
laizo,Raizo
waizo,Raizo
denjiro,Denjiro
lenjiro,Denjiro
wenjiro,Denjiro
kawamatsu,Kawamatsu
wawamatsu,Kawamatsu
lawamatsu,Kawamatsu
ashura doji,Ashura Doji
lashura doji,Ashura Doji
washura doji,Ashura Doji
inuarashi,Inuarashi
linuarashi,Inuarashi
winuarashi,Inuarashi
nekomamushi,Nekomamushi
wekomamushi,Nekomamushi
lekomamushi,Nekomamushi
carrot,Carrot
warrot,Carrot
larrot,Carrot
yamato,Yamato
lamato,Yamato
wamato,Yamato
pedro,Pedro
wedro,Pedro
ledro,Pedro
wanda,Wanda
landa,Wanda
hiriluk,Hiriluk
wr. hiluluk,Hiriluk
wiriluk,Hiriluk
wr. hiruluk,Hiriluk
lr. hiruluk,Hiriluk
dr. hiluluk,Hiriluk
lr. hiluluk,Hiriluk
dr. hiruluk,Hiriluk
liriluk,Hiriluk
kureha,Kureha
wureha,Kureha
lr. kureha,Kureha
dr. kureha,Kureha
wr. kureha,Kureha
lureha,Kureha
dalton,Dalton
lalton,Dalton
walton,Dalton
dorry,Dorry
lorry,Dorry
worry,Dorry
brogy,Brogy
lrogy,Brogy
wrogy,Brogy
coribou,Coribou
woribou,Coribou
loribou,Coribou
marigold,Marigold
warigold,Marigold
larigold,Marigold
sandersonia,Sandersonia
wandersonia,Sandersonia
landersonia,Sandersonia
boa hancock,Boa Hancock
lancock,Boa Hancock
loa hancock,Boa Hancock
woa hancock,Boa Hancock
hancock,Boa Hancock
wancock,Boa Hancock
boa marigold,Boa Marigold
loa marigold,Boa Marigold
woa marigold,Boa Marigold
boa sandersonia,Boa Sandersonia
woa sandersonia,Boa Sandersonia
loa sandersonia,Boa Sandersonia
marguerite,Marguerite
largaret,Marguerite
larguerite,Marguerite
wargaret,Marguerite
warguerite,Marguerite
margaret,Marguerite
emporio ivankov,Emporio Ivankov
wemporio iwankov,Emporio Ivankov
wivankov,Emporio Ivankov
wemporio ivankov,Emporio Ivankov
emporio iwankov,Emporio Ivankov
wemporio ivancov,Emporio Ivankov
lemporio iwankov,Emporio Ivankov
lemporio ivancov,Emporio Ivankov
emporio ivancov,Emporio Ivankov
livankov,Emporio Ivankov
ivankov,Emporio Ivankov
lemporio ivankov,Emporio Ivankov
inazuma,Inazuma
linazuma,Inazuma
winazuma,Inazuma
bentham,Bentham
wentham,Bentham
bon clay,Bentham
lon kurei,Bentham
won creay,Bentham
won clay,Bentham
lon creay,Bentham
lentham,Bentham
von creay,Bentham
bon kurei,Bentham
won kurei,Bentham
lon clay,Bentham
crocodile,Crocodile
lrocodile,Crocodile
wrocodile,Crocodile
daz bonez,Daz Bonez
laz bonez,Daz Bonez
waz bonez,Daz Bonez
koala,Koala
woala,Koala
loala,Koala
hack,Hack
lack,Jack
wack,Jack
otohime,Otohime
wotohime,Otohime
lotohime,Otohime
neptune,Neptune
weptune,Neptune
leptune,Neptune
fukaboshi,Fukaboshi
wukaboshi,Fukaboshi
lukaboshi,Fukaboshi
ryuboshi,Ryuboshi
lyuboshi,Ryuboshi
wyuboshi,Ryuboshi
manboshi,Manboshi
lanboshi,Manboshi
wanboshi,Manboshi
shirahoshi,Shirahoshi
lhirahoshi,Shirahoshi
whirahoshi,Shirahoshi
jaguar d. saul,Jaguar D. Saul
hagawa d. saulo,Jaguar D. Saul
laguar d. saulo,Jaguar D. Saul
waguar d. saul,Jaguar D. Saul
lagawa d. saulo,Jaguar D. Saul
waguar d. saulo,Jaguar D. Saul
wagwar d. sauro,Jaguar D. Saul
hagwar d. sauro,Jaguar D. Saul
laguar d. saul,Jaguar D. Saul
laul,Jaguar D. Saul
lagwar d. sauro,Jaguar D. Saul
jaguar d. saulo,Jaguar D. Saul
lagwarl d. saulo,Jaguar D. Saul
waul,Jaguar D. Saul
hagwarl d. saulo,Jaguar D. Saul
wagwarl d. saulo,Jaguar D. Saul
wagawa d. saulo,Jaguar D. Saul
saul,Jaguar D. Saul
mont blanc cricket,Mont Blanc Cricket
cricket,Mont Blanc Cricket
lontblanc cricket,Mont Blanc Cricket
lonbran cricket,Mont Blanc Cricket
wombran cricket,Mont Blanc Cricket
wont blanc cricket,Mont Blanc Cricket
lont blanc cricket,Mont Blanc Cricket
wonbran cricket,Mont Blanc Cricket
wontblanc cricket,Mont Blanc Cricket
lricket,Mont Blanc Cricket
wricket,Mont Blanc Cricket
montblanc cricket,Mont Blanc Cricket
monbran cricket,Mont Blanc Cricket
mombran cricket,Mont Blanc Cricket
lombran cricket,Mont Blanc Cricket
mont blanc noland,Mont Blanc Noland
mombran noland,Mont Blanc Noland
wontblanc noland,Mont Blanc Noland
wombran noland,Mont Blanc Noland
montblanc noland,Mont Blanc Noland
loland,Mont Blanc Noland
noland,Mont Blanc Noland
lont blanc noland,Mont Blanc Noland
lontblanc norland,Mont Blanc Noland
montblanc norland,Mont Blanc Noland
lonbran noland,Mont Blanc Noland
wontblanc norland,Mont Blanc Noland
lontblanc noland,Mont Blanc Noland
woland,Mont Blanc Noland
lombran noland,Mont Blanc Noland
wont blanc noland,Mont Blanc Noland
wonbran noland,Mont Blanc Noland
monbran noland,Mont Blanc Noland
laki,Laki
waki,Laki
wyper,Wyper
wiper,Wiper
wyler,Wyper
waipa,Wyper
lyper,Wyper
laipa,Wyper
lyler,Wyper
liper,Wiper
kalgara,Kalgara
calgara,Kalgara
lalgara,Kalgara
walgara,Kalgara
enel,Enel
wenel,Enel
weneru,Enel
lenel,Enel
wener,Enel
lener,Enel
leneru,Enel
ener,Enel
eneru,Enel
sengoku,Sengoku
wango,Jango
lango,Jango
zango,Sengoku
wengoku,Sengoku
lengoku,Sengoku
tsuru,Tsuru
lsuru,Tsuru
lrane,Tsuru
wrane,Tsuru
wsuru,Tsuru
crane,Tsuru
smoker,Smoker
lmoker,Smoker
whaser,Smoker
chaser,Smoker
lhaser,Smoker
wmoker,Smoker
tashigi,Tashigi
washigi,Tashigi
lashigi,Tashigi
fullbody,Fullbody
linbudi,Fullbody
wullbody,Fullbody
finbudi,Fullbody
winbudi,Fullbody
lullbody,Fullbody
jango,Jango
ljango,Jango
wjango,Jango
django,Jango
hina,Hina
wina,Hina
lina,Hina
aokiji,Aokiji
wuzan,Aokiji
luzan,Aokiji
laokiji,Aokiji
waokiji,Aokiji
kuzan,Aokiji
akainu,Akainu
lakainu,Akainu
wakainu,Akainu
sakazuki,Akainu
lakazuki,Akainu
wakazuki,Akainu
kizaru,Kizaru
worsalino,Kizaru
lorsalino,Kizaru
borsalino,Kizaru
wizaru,Kizaru
lizaru,Kizaru
fujitora,Fujitora
lujitora,Fujitora
lissho,Fujitora
issho,Fujitora
wujitora,Fujitora
wissho,Fujitora
ryokugyu,Ryokugyu
aramaki,Ryokugyu
laramaki,Ryokugyu
wyokugyu,Ryokugyu
waramaki,Ryokugyu
lyokugyu,Ryokugyu
brannew,Brannew
wrannew,Brannew
lrannew,Brannew
hannyabal,Hannyabal
lannyabal,Hannyabal
hannybal,Hannyabal
wannybal,Hannyabal
lannybal,Hannyabal
lannibal,Hannyabal
hannibal,Hannyabal
wannyabal,Hannyabal
wannibal,Hannyabal
magellan,Magellan
lagellan,Magellan
wagellan,Magellan
shiryu,Shiryu
whiryu,Shiryu
whilliew,Shiryu
lhiryu,Shiryu
lhilliew,Shiryu
shilliew,Shiryu
imu,Imu
lim,Imu
im,Imu
limu,Imu
wimu,Imu
wim,Imu
sterry,Sterry
stelly,Sterry
wterry,Sterry
wtelly,Sterry
ltelly,Sterry
lterry,Sterry
wapol,Wapol
lapol,Wapol
cp9,Cp9
wp9,Cp9
lp9,Cp9
rob lucci,Rob Lucci
lucci,Rob Lucci
wob lucci,Rob Lucci
wob rucchi,Rob Lucci
lob rucchi,Rob Lucci
lob lucci,Rob Lucci
rob rucchi,Rob Lucci
wucci,Rob Lucci
kaku,Kaku
laku,Kaku
waku,Kaku
kalifa,Kalifa
califa,Kalifa
lalifa,Kalifa
walifa,Kalifa
jabra,Jabra
jyabura,Jabra
jabura,Jabra
lyabura,Jabra
labura,Jabra
wabra,Jabra
labra,Jabra
wabura,Jabra
wyabura,Jabra
fukurou,Fukurou
wukurô,Fukurou
wukurou,Fukurou
lukurou,Fukurou
lukurô,Fukurou
fukurô,Fukurou
kumadori,Kumadori
wumadori,Kumadori
lumadori,Kumadori
spandam,Spandam
lpandam,Spandam
wpandam,Spandam
blueno,Blueno
wlueno,Blueno
llueno,Blueno
bartholomew kuma,Bartholomew Kuma
bisoromi bear,Bartholomew Kuma
lisoromi bear,Bartholomew Kuma
wisoromi bear,Bartholomew Kuma
kuma,Bartholomew Kuma
luma,Bartholomew Kuma
lartholomew kuma,Bartholomew Kuma
wartholomew kuma,Bartholomew Kuma
wuma,Bartholomew Kuma
dracule mihawk,Dracule Mihawk
mihawk,Dracule Mihawk
lihark,Dracule Mihawk
wracule mihawk,Dracule Mihawk
lracule mihawk,Dracule Mihawk
wihawk,Dracule Mihawk
wihark,Dracule Mihawk
wuraquille mihawk,Dracule Mihawk
luraquille mihawk,Dracule Mihawk
lihawk,Dracule Mihawk
juraquille mihawk,Dracule Mihawk
mihark,Dracule Mihawk
gecko moria,Gecko Moria
lekko moriah,Gecko Moria
gekko moriah,Gecko Moria
woria,Gecko Moria
lecko moria,Gecko Moria
wekko moriah,Gecko Moria
moria,Gecko Moria
wecko moria,Gecko Moria
loria,Gecko Moria
donquixote doflamingo,Donquixote Doflamingo
lon quichotte de flamingo,Donquixote Doflamingo
tanjiahdo lofulamingo,Donquixote Doflamingo
lanjiahdo lofulamingo,Donquixote Doflamingo
lonquixote doflamingo,Donquixote Doflamingo
loflamingo,Donquixote Doflamingo
doflamingo,Donquixote Doflamingo
lon quixote doflamingo,Donquixote Doflamingo
won quixote doflamingo,Donquixote Doflamingo
wonquixote doflamingo,Donquixote Doflamingo
won quichotte de flamingo,Donquixote Doflamingo
won quichotte doflamingo,Donquixote Doflamingo
don quichotte de flamingo,Donquixote Doflamingo
don quichotte doflamingo,Donquixote Doflamingo
woflamingo,Donquixote Doflamingo
lon quichotte doflamingo,Donquixote Doflamingo
don quixote doflamingo,Donquixote Doflamingo
wanjiahdo lofulamingo,Donquixote Doflamingo
donquixote rosinante,Donquixote Rosinante
lonquixote rocinante,Donquixote Rosinante
won quixote rocinante,Donquixote Rosinante
wonquixote rocinante,Donquixote Rosinante
wosinante,Donquixote Rosinante
wonquixote rosinante,Donquixote Rosinante
losinante,Donquixote Rosinante
worazon,Donquixote Rosinante
lon quichotte rocinante,Donquixote Rosinante
donquixote rocinante,Donquixote Rosinante
don quichotte rocinante,Donquixote Rosinante
lorazon,Donquixote Rosinante
corazon,Donquixote Rosinante
rosinante,Donquixote Rosinante
don quixote rocinante,Donquixote Rosinante
lonquixote rosinante,Donquixote Rosinante
lon quixote rocinante,Donquixote Rosinante
won quichotte rocinante,Donquixote Rosinante
buggy,Buggy
wuggy,Buggy
larchy,Buggy
luggy,Buggy
parchy,Buggy
warchy,Buggy
perona,Perona
werhona,Perona
lerona,Perona
lerhona,Perona
perhona,Perona
werona,Perona
absalom,Absalom
wabsalom,Absalom
labsalom,Absalom
edward newgate,Edward Newgate
lewgate,Edward Newgate
ledward newgate,Edward Newgate
whirohige,Edward Newgate
wedward newcart,Edward Newgate
lhite facial hair,Edward Newgate
edward newcart,Edward Newgate
lhirohige,Edward Newgate
wewgate,Edward Newgate
whitebeard,Edward Newgate
shirohige,Edward Newgate
white facial hair,Edward Newgate
ledward newcart,Edward Newgate
wedward newgate,Edward Newgate
newgate,Edward Newgate
lhitebeard,Edward Newgate
marco,Marco
larco,Marco
warco,Marco
jozu,Jozu
wozu,Jozu
joz,Jozu
woz,Oars
waws,Jozu
jaws,Jozu
jose,Jozu
lozu,Jozu
loz,Oars
lose,Jozu
wose,Jozu
laws,Jozu
vista,Vista
wista,Vista
lista,Vista
thatch,Thatch
whatch,Thatch
lhatch,Thatch
squard,Squard
lquard,Squard
squardo,Squard
wquardo,Squard
wquard,Squard
lquado,Squard
wquado,Squard
lquad,Squard
wquad,Squard
squad,Squard
lquardo,Squard
squado,Squard
kaidou,Kaidou
waidou,Kaidou
kaido,Kaidou
laidou,Kaidou
waido,Kaidou
laido,Kaidou
king,King
ling,King
wing,King
queen,Queen
wueen,Queen
lueen,Queen
jack,Jack
charlotte linlin,Charlotte Linlin
big mam,Charlotte Linlin
wharlotte rinrin,Charlotte Linlin
wharlotte lingling,Charlotte Linlin
linlin,Charlotte Linlin
lharlotte linlin,Charlotte Linlin
charlotte rinrin,Charlotte Linlin
winlin,Charlotte Linlin
lharlotte lingling,Charlotte Linlin
wig mom,Charlotte Linlin
lig mam,Charlotte Linlin
lig mom,Charlotte Linlin
charlotte lingling,Charlotte Linlin
wig mam,Charlotte Linlin
wharlotte linlin,Charlotte Linlin
big mom,Charlotte Linlin
lharlotte rinrin,Charlotte Linlin
charlotte katakuri,Charlotte Katakuri
wharlotte katakuri,Charlotte Katakuri
katakuri,Charlotte Katakuri
lharlotte dogtooth,Charlotte Katakuri
lharlotte katakuri,Charlotte Katakuri
latakuri,Charlotte Katakuri
charlotte dogtooth,Charlotte Katakuri
watakuri,Charlotte Katakuri
wharlotte dogtooth,Charlotte Katakuri
charlotte smoothie,Charlotte Smoothie
lmoothie,Charlotte Smoothie
smoothie,Charlotte Smoothie
wmoothie,Charlotte Smoothie
wharlotte smoothie,Charlotte Smoothie
lharlotte smoothie,Charlotte Smoothie
charlotte cracker,Charlotte Cracker
wracker,Charlotte Cracker
cracker,Charlotte Cracker
lracker,Charlotte Cracker
wharlotte cracker,Charlotte Cracker
lharlotte cracker,Charlotte Cracker
charlotte pudding,Charlotte Pudding
wudding,Charlotte Pudding
wharlotte pudding,Charlotte Pudding
wharlotte purin,Charlotte Pudding
ludding,Charlotte Pudding
pudding,Charlotte Pudding
charlotte purin,Charlotte Pudding
lharlotte purin,Charlotte Pudding
lharlotte pudding,Charlotte Pudding
charlotte basskarte,Charlotte Basskarte
charlotte bassquarte,Charlotte Basskarte
wasskarte,Charlotte Basskarte
lasskarte,Charlotte Basskarte
lharlotte basskarte,Charlotte Basskarte
wharlotte basskarte,Charlotte Basskarte
lharlotte bassquarte,Charlotte Basskarte
wharlotte bassquarte,Charlotte Basskarte
basskarte,Charlotte Basskarte
lucky roux,Lucky Roux
lucky roo,Lucky Roux
wucky roux,Lucky Roux
wucky roo,Lucky Roux
benn beckman,Benn Beckman
lenn beckman,Benn Beckman
wenn beckman,Benn Beckman
yasopp,Yasopp
wasopp,Yasopp
lasopp,Yasopp
marshall d. teach,Marshall D. Teach
black facial hair,Marshall D. Teach
leach,Marshall D. Teach
larshall d. teech,Marshall D. Teach
larshall d. teach,Marshall D. Teach
wurohige,Marshall D. Teach
wlack facial hair,Marshall D. Teach
llackbeard,Marshall D. Teach
blackbeard,Marshall D. Teach
kurohige,Marshall D. Teach
wlackbeard,Marshall D. Teach
warshall d. teech,Marshall D. Teach
lurohige,Marshall D. Teach
marshall d. teech,Marshall D. Teach
warshall d. teach,Marshall D. Teach
lasuru d. chocheh,Marshall D. Teach
masuru d. chocheh,Marshall D. Teach
llack facial hair,Marshall D. Teach
teach,Marshall D. Teach
weach,Marshall D. Teach
wasuru d. chocheh,Marshall D. Teach
jesus burgess,Jesus Burgess
g. zass burgess,Jesus Burgess
xusasu basasu,Jesus Burgess
lurgess,Jesus Burgess
w. zass burgess,Jesus Burgess
wesus burgess,Jesus Burgess
lesus burgess,Jesus Burgess
wurgess,Jesus Burgess
wusasu basasu,Jesus Burgess
lusasu basasu,Jesus Burgess
burgess,Jesus Burgess
l. zass burgess,Jesus Burgess
van augur,Van Augur
van ogre,Van Augur
augur,Van Augur
van auger,Van Augur
wan augur,Van Augur
lloud ouga,Van Augur
lan augur,Van Augur
laugur,Van Augur
wan ogre,Van Augur
cloud ouga,Van Augur
wloud ouga,Van Augur
waugur,Van Augur
lan auger,Van Augur
wan auger,Van Augur
lan ogre,Van Augur
doc q,Doc Q
loc q,Doc Q
doku q,Doc Q
woku q,Doc Q
woc q,Doc Q
loku q,Doc Q
laffitte,Laffitte
raffit,Laffitte
lafeita,Laffitte
lafitte,Laffitte
waffit,Laffitte
wafeita,Laffitte
waffitte,Laffitte
laffit,Laffitte
wafitte,Laffitte
catarina devon,Catarina Devon
wevon,Catarina Devon
watarina devon,Catarina Devon
levon,Catarina Devon
latalina devon,Catarina Devon
watalina devon,Catarina Devon
devon,Catarina Devon
catalina devon,Catarina Devon
latarina devon,Catarina Devon
rocks d. xebec,Rocks D. Xebec
locks d. xebec,Rocks D. Xebec
rocks,Rocks D. Xebec
lox,Rocks D. Xebec
lebec,Rocks D. Xebec
wocks d. xebec,Rocks D. Xebec
wocks,Rocks D. Xebec
webec,Rocks D. Xebec
wox,Rocks D. Xebec
xebec,Rocks D. Xebec
rox,Rocks D. Xebec
locks,Rocks D. Xebec
arlong,Arlong
warlong,Arlong
larlong,Arlong
hody jones,Hody Jones
lody jones,Hody Jones
lodi jones,Hody Jones
lordy jones,Hody Jones
hordy jones,Hody Jones
wody,Hody Jones
wodi jones,Hody Jones
hodi jones,Hody Jones
wordy jones,Hody Jones
hody,Hody Jones
wody jones,Hody Jones
lody,Hody Jones
mr. 1,Mr. 1
wr. 1,Mr. 1
lr. 1,Mr. 1
mr. 3,Mr. 3
wr. 3,Mr. 3
lr. 3,Mr. 3
mr. 4,Mr. 4
wr. 4,Mr. 4
lr. 4,Mr. 4
mr. 5,Mr. 5
wr. 5,Mr. 5
lr. 5,Mr. 5
baroque works,Baroque Works
laroque works,Baroque Works
waroque works,Baroque Works
caesar clown,Caesar Clown
waesar clown,Caesar Clown
laesar crown,Caesar Clown
caesar,Caesar Clown
laesar,Caesar Clown
waesar crown,Caesar Clown
waesar,Caesar Clown
laesar clown,Caesar Clown
caesar crown,Caesar Clown
vergo,Vergo
lergo,Vergo
wergo,Vergo
monet,Monet
lone,Monet
wone,Monet
mone,Monet
lonet,Monet
wonet,Monet
trebol,Trebol
trevor,Trebol
wrebol,Trebol
lrebol,Trebol
wrevor,Trebol
lrevor,Trebol
diamante,Diamante
wiamante,Diamante
liamante,Diamante
pica,Pica
wica,Pica
lica,Pica
sugar,Sugar
wugar,Sugar
lugar,Sugar
giolla,Giolla
lora,Giolla
jora,Giolla
wiolla,Giolla
wora,Giolla
liolla,Giolla
baby 5,Baby 5
waby 5,Baby 5
laby 5,Baby 5
buffalo,Buffalo
luffalo,Buffalo
wuffalo,Buffalo
senor pink,Senor Pink
wenor pink,Senor Pink
lenor pink,Senor Pink
machvise,Machvise
lachvise,Machvise
wachvise,Machvise
lao g,Lao G
wao g,Lao G
dellinger,Dellinger
lellinger,Dellinger
wellinger,Dellinger
bellamy,Bellamy
winami,Bellamy
binami,Bellamy
wellamy,Bellamy
lellamy,Bellamy
linami,Bellamy
ohm,Ohm
lorm,Ohm
waum,Ohm
worm,Ohm
wohmu,Ohm
wohm,Ohm
orm,Ohm
om,Ohm
wom,Ohm
lohm,Ohm
lohmu,Ohm
laum,Ohm
ohmu,Ohm
aum,Ohm
lom,Ohm
satori,Satori
latori,Satori
watori,Satori
shura,Shura
whura,Shura
lhura,Shura
gedatsu,Gedatsu
ledatsu,Gedatsu
wedatsu,Gedatsu
chess,Chess
lhess,Chess
whess,Chess
kuromarimo,Kuromarimo
luromarimo,Kuromarimo
wuromarimo,Kuromarimo
don krieg,Don Krieg
won krieg,Don Krieg
lon krieg,Don Krieg
gin,Gin
lin,Gin
win,Gin
pearl,Pearl
wearl,Pearl
learl,Pearl
kuro,Kuro
wuro,Kuro
luro,Kuro
sham,Sham
wiam,Sham
liam,Sham
wham,Sham
siam,Sham
lham,Sham
buchi,Buchi
butchie,Buchi
lutchie,Buchi
luchi,Buchi
wutchie,Buchi
wuchi,Buchi
porchemy,Porchemy
wolchemi,Porchemy
lorchemy,Porchemy
worchemy,Porchemy
lolchemy,Porchemy
wolchemy,Porchemy
polchemi,Porchemy
lolchemi,Porchemy
polchemy,Porchemy
alvida,Alvida
walvida,Alvida
lalvida,Alvida
cabaji,Cabaji
wabaji,Cabaji
labaji,Cabaji
mohji,Mohji
lohji,Mohji
wohji,Mohji
richie,Richie
lichie,Richie
wichie,Richie
enishida,Enishida
genista,Enishida
lenista,Enishida
wenishida,Enishida
wenista,Enishida
lenishida,Enishida
oars,Oars
woars,Oars
ohz,Oars
lodz,Oars
oz,Oars
wohz,Oars
odr,Oars
lodr,Oars
loars,Oars
wodr,Oars
wodz,Oars
lohz,Oars
odz,Oars
oars jr.,Oars Jr.
loars jr.,Oars Jr.
woars jr.,Oars Jr.
ryuma,Ryuma
wyouma,Ryuma
lyouma,Ryuma
wyuuma,Ryuma
ryouma,Ryuma
lyuuma,Ryuma
ryuuma,Ryuma
wyuma,Ryuma
lyuma,Ryuma
hogback,Hogback
wogback,Hogback
logback,Hogback
shyarly,Shyarly
lhyarly,Shyarly
wharley,Shyarly
whyarly,Shyarly
sharley,Shyarly
whirley,Shyarly
lhirley,Shyarly
lharley,Shyarly
shirley,Shyarly
wadatsumi,Wadatsumi
ladatsumi,Wadatsumi
big pan,Big Pan
wig bun,Big Pan
lig pan,Big Pan
wig pan,Big Pan
big bun,Big Pan
lig bun,Big Pan
eustass kid,Eustass Kid
lid,Eustass Kid
wid,Eustass Kid
leustass kid,Eustass Kid
weustass kidd,Eustass Kid
leustass kidd,Eustass Kid
wuseless captain mid,Eustass Kid
laptain mid,Eustass Kid
kid,Eustass Kid
waptain mid,Eustass Kid
eustass kidd,Eustass Kid
captain mid,Eustass Kid
useless captain mid,Eustass Kid
weustass kid,Eustass Kid
luseless captain mid,Eustass Kid
killer,Killer
willer,Killer
liller,Killer
apoo,Apoo
lapoo,Apoo
wapoo,Apoo
hawkins,Hawkins
wawkins,Hawkins
lawkins,Hawkins
drake,Drake
lrake,Drake
wrake,Drake
urouge,Urouge
lurouge,Urouge
wurouge,Urouge
capone bege,Capone Bege
lapone bege,Capone Bege
lege,Capone Bege
wapone bege,Capone Bege
bege,Capone Bege
wege,Capone Bege
chew,Chew
whuu,Chew
lhoo,Chew
whew,Chew
lhuu,Chew
lhew,Chew
choo,Chew
chuu,Chew
whoo,Chew
kuroobi,Kuroobi
wuroobi,Kuroobi
luroobi,Kuroobi
going merry,Going Merry
loing merry,Going Merry
woing merry,Going Merry
merry go,Going Merry
lerry go,Going Merry
werry go,Going Merry
thousand sunny,Thousand Sunny
lhousand sunny,Thousand Sunny
whousand sunny,Thousand Sunny
aladine,Aladine
waladine,Aladine
aladdin,Aladine
laladdin,Aladine
waladdin,Aladine
laladine,Aladine
aremo ganmi,Aremo Ganmi
leekatha krotch,Aremo Ganmi
waremo ganmi,Aremo Ganmi
weekatha krotch,Aremo Ganmi
peekatha krotch,Aremo Ganmi
laremo ganmi,Aremo Ganmi
banchi,Banchi
lanchi,Banchi
bunchi,Banchi
wunchi,Banchi
lunchi,Banchi
wanchi,Banchi
chouchou,Chouchou
whouchou,Chouchou
shushu,Chouchou
lhushu,Chouchou
whushu,Chouchou
lhouchou,Chouchou
clou d. clover,Clou D. Clover
wlou d. clover,Clou D. Clover
clover,Clou D. Clover
wlover,Clou D. Clover
llou d. clover,Clou D. Clover
llaiomh d. clover,Clou D. Clover
llover,Clou D. Clover
wlaiomh d. clover,Clou D. Clover
claiomh d. clover,Clou D. Clover
corto,Corto
lorto,Corto
worto,Corto
wolt,Corto
lolt,Corto
colt,Corto
gatherine,Gatherine
wyatharin,Gatherine
latherine,Gatherine
watherine,Gatherine
lyatharin,Gatherine
gyatharin,Gatherine
grabar,Grabar
wrabba,Grabar
wrabar,Grabar
lrabba,Grabar
lrabar,Grabar
grabba,Grabar
hasami,Hasami
lcissors,Hasami
wasami,Hasami
scissors,Hasami
wcissors,Hasami
pincers,Hasami
lasami,Hasami
wincers,Hasami
lincers,Hasami
holy,Holy
holly,Holy
loly,Holy
woly,Holy
wolly,Holy
lolly,Holy
ikaros much,Ikaros Much
licaros muhhi,Ikaros Much
wicaros muhhi,Ikaros Much
icaros muhhi,Ikaros Much
likaros much,Ikaros Much
wikaros much,Ikaros Much
kumashi,Kumashi
lumacy,Kumashi
luma-c,Kumashi
kuma-c,Kumashi
kumacy,Kumashi
wuma-c,Kumashi
wumacy,Kumashi
lumashi,Kumashi
wumashi,Kumashi
matsuge,Matsuge
leyelash,Matsuge
watsuge,Matsuge
washes,Matsuge
weyelashes,Matsuge
eyelashes,Matsuge
leyelashes,Matsuge
latsuge,Matsuge
weyelash,Matsuge
eyelash,Matsuge
lashes,Matsuge
ochoku,Ochoku
lang zhi,Ochoku
lochoku,Ochoku
wang zhi,Ochoku
wochoku,Ochoku
stronger,Stronger
ltronger,Stronger
ltrongheart,Stronger
wtrongheart,Stronger
wtronger,Stronger
strongheart,Stronger
su,Su
luu,Su
wu,Su
wuu,Su
suu,Su
lu,Su
tibany,Tibany
welizabeth,Tibany
libany,Tibany
lelizabeth,Tibany
elizabeth,Tibany
wibany,Tibany
shelly,Shelly
lhelly,Shelly
lherry,Shelly
wherry,Shelly
sherry,Shelly
whelly,Shelly
koza,Koza
woza,Koza
loza,Koza
kohza,Koza
lohza,Koza
wohza,Koza
