character,comment_ids
Kizaru,"j2fx2v7,j2fuv4m,j2fszsz,j2fnixp,j2w412l,j2w1w4p,j2w1p7f,j3vfuc9,j4uqqao,j5cavil,j5t1icu,j6rig1l,j6qxegi,j7p1ttk,j7oz6si,j86580x,ja0qqoc,jbv4b9d,jbv3arc,jbv2266,jbv1qus,jbv0ewc,jca2q5w,jfi79lx,jgf6eox,jgvasmn,jhbytm1,jhbu39n,ji8u7u1,ji8sha1,ji8sbhf,ji8rpbs,ji8qkn0,jionej5,jion1g3,jiodwgr,jiod99k,jjlb6pf,jk250z6,jmbqnuk,jmbqeka,joizsuf,joy4nc1,jpekb53,jqbgsdd,jqqqgbz,jr7omiy,jr7nibw,jrnp5my,jrnnmvq,jrnmf0a,jrnlox3,js4i26u,jskr7td,jt24rkk,jtidu3r,ju0dezh,jugyw4j,jugqfll,jugokp1,jugnmzg,jugh3ls,jugh1j4,jugekqf,juyqs3l,jvfgko3,jvxs3x1,jvxruh7,jvxpwlv,jwf2pce,jwf1hwh,jwf0ocx,jwezxvz,jwez5y0,jweveot,jwety21,jwxcakg,jxed455,jxea4tr,jxe9p57,jxe981s,jxe849t,jxw8xh6,jxw7cel,jxw78xr,jxw6bw6,jxw4tb9,jxw4pto,jyd305s,jyd2p33,jyd2dyr,jyd1b80,jyd12zz,jyczzsc,jycz78n,jycz4ot,jzvxq6w,jzvxoet,jzvogzi,k0e6axs,k0e5nmf,k0e54yk,k0e4urp,k0e4alz,k0e3uug,k0e3igy,k0e37ad,k0e2upl,k0e2r5t,k0wpyug,k0wmpff,k0wmji6,k0wg5y1,k1ek37p,k1ek22s,k1eitu1,k1eht05,k1ehhrx,k1egtcn,k1egb33,k1efqdf,k1efpff,k1x9t6e,k1x8hxm,k1x2z08,k1x2yqi,k2f27dd,k2ezn58,k2ewgm5,k2xfci1,k2xf93n,k3ezzbj,k3eztwn,k3ezs3i,k3eyol8,k3eynge,k3eyjqc,k3ey5nz,k3extza,k3exju0,k3x7qzs,k4embey,k4emap2,k4emajs,k4em502,k4ei36f,k4ehhky,k4eh6p2,k4wo6f2,k4wnna0,k4wncpc,k4wllrg,k5e0w1y,k5e0erx,k5dydyd,k7uyvvz,k7urado,k7uqvz5,k9cg97d,k9c95lv,kaabv3g,karlx6a,kb90i3y,kb90be4,kb8xm8p,kb8ut2v,kb8u5sf,kb8sxx2,kbquakf,kc7ss6j,kc7sqpy,kc7rkns,kc7p5i1,kcoyr28,kd639hq,kd5x2mi,ke60jn8,ke5yzcd,keocrja,keo9d5j,kf416hi,kf40lkr,kf3z1hx,kf3z0dv,kf3y3jp,kfmh4tx,kgsx92l,khcgvna,khcekdi,khw0jmq,kif8wr7,kiyrc1z,kiynvei,kiye1c2,kjhoy1b,kjh9r37,kjh4lij,kjh1ojd,kk11l7u,kk0y569,kk0ue8k,kk0u3l4,kk0tw3c,kk0tite,kk0ritg,kof8wd4,koy9gh7,koy4o9g,kqisql9,kqislg9,kqisith,kqis1yn,kqirxxy,kqirnd9,kr29fev,kr28kk5,kr24mfi,krlgbz7,krlg6nj,krlg4ci,krlfviu,krlfoau,krlf39j,krlep8j,krleefs,krle2w4,krle08x,krldwpq,krldozk,ks56kku,ks4wm9b,ksojg0u,ksoimwp,ksogpan,ksoglmj,ksog81y,ksog4e3,kt81tzr,kt7x9rm,kt7r0te,kt7qfwq,kt7psdk,kt7pcac,ktr2cyo,kuthgqo,kvvj0qz,kvvi9fc,kvvhecw,kvvgpid,kvvghst,kvvg85d,kvvfqs8,kwep3xl,kxzvqe3,kyjls37,kyjlb6s,kyjgu8x,kz26ugv,kzlopm1,l04p961,l04obtw,l04kd4u,l04j3z4,l0o26uh,l0nyfr0,l16rqd6,l16r90s,l16ogyk,l16n2ry,l5b4u67,l7cmpaa,l7cly3y,l8euojn,l8etkrr,l8xjznu,l8xjqax,l8xjkbh,l8xjh0w,l8xisfx,l8xi18c,l9z0tky,lb1q2v9,lc44k5r,ld7me18,ldr9qok,leasura,leuwgvt,lh36b2y,lho2t0c,li84q6d,li83ymq,li80tf8,ljd4abj,ljd2yor,ljd1kw4,ljd0qbc,ljxqv4r,ljxqnd2,lkhjv4e,lkhip97,ll2cret,ll29y9f,lllzbed,lthw42e,luofynf,luoerx5,luodpa0,luodhe8,luodbyj,lv9m1vd,lvvlnan,lwhy3t3,ly8eoo2,lytn76d,lytln23,lytl62v,lytkngs,lytin5w,lzyakel,lzy70n6,lzy4jc4,lzy2wza,lzy2r69,lzy0bsr,lzxy8fc,lzxx9gd,m143mg4,m13uqbx,m6dtapy,m709byz,m7m149y,m899bt3,m8960x3,m8w9m95,m8w987r,m9jibfv,m9je6t9,m9jd9f7,m9j9nmc,matvqvk,mattnqd,mattn0n,matt0la,mats779,mc3agdk,mdc97h6,mdc845u,mfv6rw4,mghr9km,mh3ugq4,mhqdn42,micowmm,miyiujp,miyguja,miydxy7,mjkdp8g,mk61ges,mk5utzx,mly6igg,mly2o3e,mnqkrxu,mpkmypc,mpkmrkb,mpkivnr,mpkivde,mpkikzv,mpki7a0,mpkevf6,mpkdyyz,mq6jswq,mre51r1,mre3s89,mre3ksy,mre3k23,mre3buu,mre1cl7,mre13gd,mre0vjc,mrdz2ho,mrdyo56"
Shanks,"j2fx16t,j2fwfky,j2fwesj,j2furp1,j2fru32,j2fm84d,j4dmuf9,j4dky16,j4dkjkd,j4dj4af,j4dgwmq,j4ddoq6,j4dd2t9,j4dctjd,j4dcr8q,j4dblgt,j4daq4y,j4dabin,j4d8lcj,j5cbhlc,j5c2hb9,j5bztmb,j5t7a5t,j5t6rei,j5t5hvc,j6alptg,j6aitdh,j6rhxsu,j6rdmxg,j6qxnm2,j6qtmmw,j6qs492,j7p1ttk,j7oz6si,j863r2y,j8mcg4z,j8ma6p8,j8ma6gy,j8m99ln,j93fxh3,j93c9z6,j9je31y,j9jdczp,j9jay4n,j9j9f6v,j9j75oh,j9j6n1l,ja0rckc,ja0pku1,ja0k8at,ja0imme,ja0i8xz,jay3ulr,jay1wwp,jay07ms,jca1ot7,jcrcm11,jcr9b9d,jd7gz9v,jd7g59x,jd7g0nz,jd7fzi4,jd7f4hn,jd7evsp,jd7eu59,jd7eq63,jd7eizl,jd7ebks,jd7e7a5,jd7e5zf,jd7dxvx,jdonasi,jdon8wd,jdon2xm,jdoll37,jdolkr1,jdolegg,jdok89v,jdoiinh,jdohpc8,je4nnjz,je4l0qc,je4jatg,je4j8gt,je4fno4,jelloyq,jell7cf,jelf453,jf1edim,jfi94ru,jfy53m7,jfy1cyp,jgf6bhx,jgezvlu,jgez9t5,jgeyw4h,jgvbade,jgv9zxw,jgv8rhg,jhbyz0d,jhbxjli,jhbxb1n,jhbw421,jhbu5lj,jhbtj7x,ji8stq4,ji8qxaz,ji8oojc,jion8ji,jion0ow,jiom4nz,jioji7p,jj59nhr,jjlbygg,jjlbrxc,jjlbfhz,jjlb6pf,jjlazge,jjlame8,jjl9qqh,jjl9hy8,jjl9959,jjl8ytr,jjl8hnn,jjl83qe,jk264b3,jk258cv,jk24uw8,jkhm1g3,jkhksoc,jkypp0r,jlex9ow,jlevl9c,jmbqguv,jmsx3y9,jmsvxgl,jmsulk4,jn8qy02,jn8ptle,jnpx5yw,jnpu44p,jnptjxz,jnpt3wn,jnpr2aq,jo3ap4r,joj053f,jpep4xd,jpenxom,jpemrqc,jpelu8i,jpejt0u,jpejrbr,jpudmee,jpubtf1,jpuboxv,jqblta2,jqblnx5,jqblc4h,jqbkdog,jqbgsdd,jqbfrtm,jqbf5w0,jqqugci,jqqtenp,jqqr359,jqqpylf,jqqocmy,jr7mfhq,jr7krhf,js4ivn5,jsksgqd,jsksc1d,jsks114,jt26dzp,jt24gmt,jt222d1,jtieurm,jtiaya1,jtia80b,jti9b9v,jti96hx,jti8qud,ju0d2y7,ju0bf4f,ju0ag8f,ju09bmu,juyjskj,jvff78k,jvff36f,jvxqq5a,jvxq2id,jvxp3f2,jvxn157,jwxhr5a,jwxejow,jwxe3ak,jwxdcas,jwxaq64,jxee80u,jxe8ure,jxe849t,jxw8qrm,jxw7qg8,jxw6ir0,jxw4r95,jxw4jit,jyvdi60,jzd84qx,jzd4z6m,jzd4sdf,jzvxw0c,jzvxuht,jzvxq6w,jzvvaoe,jzvsnf6,jzvrqor,jzvogzi,k1efqdf,k2euyt4,k4elnjd,k4ekepb,k4ej5c2,k4wncpc,k5e1vdk,k5dzdmx,k5wal81,k5w53j4,k6doj5g,k7clu94,k7uqwk0,k7uqr18,k9ccacc,k9to9jw,k9tl6rm,k9taqum,kaabenm,karkf3e,kar99u1,kb8vknc,kbqs0t5,kc7s8kn,kc7p7x3,kcpas73,kcp9hej,kcp822w,kcp7pw2,kcp5s7l,kcp33kq,kcozljf,kcoyuup,kcoxhzl,kcowwca,kd6280b,kd61vpt,kd5xzuv,keodlc6,keoaixz,keo9ler,kf40rmr,kfmj4kd,kfmiafh,kfmdoy3,kfrjrwp,kg9k0i7,kg9j9s0,khch461,khcgc0h,khces8y,kif575f,kiyrd3q,kiyr02v,kiym5cg,kiyj8fq,kiyh83c,kiyft3f,kjhoq42,kjhgsg1,kof4s1w,koy3zgi,kpgsjq1,kq02hp9,kr27nj4,kr236iv,ks50qxw,ks4xwlx,ksoie9b,ksohfxi,kt7wzjj,kuao6ij,kutk7rz,kvcurkz,kvcj9n9,kvvfu50,kweub0q,kwxrrce,kwxn0hl,kxzym98,kxzxe1d,kxzwlc3,kxzqfcx,kz23hod,l0nxab7,l0nt6np,l28bqwn,l39kjs4,l3s2gxh,l3s1ur6,l4afnbq,l4aeee6,l4a8yib,l4a76qm,l4a0y4q,l4a0mn5,l4sxhks,l4soch9,l5b5nr7,l7cwzq8,l7cudvp,l7ct6uy,l7csv15,l7crptp,l7cmzv9,l7cm4hy,l7w23lx,l7vqul6,l7vpu9g,l7vn5xf,l7vki2d,l8ernzt,l8xjaci,l8xip39,lb1q2v9,lbl14d8,lbl0r9z,ld7pwma,ld7oj9w,ld7o6px,ld7ne3z,ld7n9d4,ld7muxa,ldragoe,ldrab3a,ldr75k1,ldr6kwo,leuvo4u,leusbi5,leuryhy,leuqqdx,leuqg8s,leupx70,lfenlm6,lfynzvc,lfyjsc0,lh3e6j7,lh36b2y,lh349ko,lhnxc79,lisp77c,lisoyl7,lisos8u,lisohet,liso4n2,lislqlq,lisk92o,lisk630,lisk3pj,lishsxj,lishqs4,lishecn,lisggi6,ljd0mdc,lkhismm,lq4cjd2,lqp0u8e,lr8lwmi,lr8l2ud,lr8j69s,lr8drgu,lscgidn,lu3dg3w,luocwhn,lv9evzv,lwhhf42,lwhfta5,lwh9bwc,lwh7rzc,lx2nxjh,lx2njhq,lx2j6rd,lxo9eb6,lze23gm,m0iwrul,m142z90,m142sxu,m141qgw,m1ode14,m28lz6y,m28lfr1,m2t6uhr,m2t69cl,m2t5n5e,m2t5995,m2t515r,m2t48bj,m2t3qrq,m2t2v71,m2t15fx,m2t12g7,m3czypf,m3cz4xc,m3cyyyl,m3cyk7b,m3cyiuf,m3cy3tn,m3cxbgm,m3culbv,m3csjan,m3crbgu,m3v3zfd,m3v3udv,m3v15mp,m3umo7e,m4fq9dn,m4lxl6e,m4lxboh,m4lvpsc,m4lu8bv,m4ltfch,m4lq7zl,m5s8r6k,m5s0xey,m5rytxh,m5rytn7,m6dsj6p,m70f13n,m705z22,m7m415j,m7m0tmk,m896u9h,m8wa1mg,m8w727v,m8w5xc8,m8w5ks9,m8w4zd5,m8w2wmb,m9jm9oe,m9jl237,m9jjeqm,m9jippr,m9jg1xf,m9je1mz,m9jdkai,m9j8z53,ma6gffr,matxink,matpmld,mbgplzl,mbgpigo,mbgm5aa,mc3bgtv,mc39ri1,mc38nzu,mc36sx3,mc362p3,mcptobc,mcpt40i,mcpsbz1,mcpqgj5,mcpoz1z,mcpnxei,mdc7f6h,mdyzd6y,mdyxonr,melzzpm,melyus6,melwiva,mf8f24h,mfveiio,mh3v7dp,mhq8zlj,micmhkx,miyh9c5,miyh2t4,miydo3q,mjkkg9u,mjk537v,mjk3h6h,mk5zw02,mly9b5b,mmjnuid,mmjjf3a,mmjhe74,mnqsi95,mnqr0qm,mocfahi,moybf3k,mpkmrkb,mpki3mr,mqsqwh9,mqsm292,mqsk7au,mre3buu,mre2daq"
Spandam,"j2fwzh2,j6ao080,j6ahs7f,jbv1fy3,jbuzoq8,jf1e1dp,kwewf8s,l4t0ua7,lb1x949,llm07v1,m1og4fy"
Stronger,"j2fwuig,j2fwfky,j2furp1,j2fru32,j2wbcrd,j2w6tiz,j2w4843,j3vqmt3,j4dm2x9,j4dj4af,j4dik43,j4dgwmq,j4ddoq6,j4dblgt,j4dabin,j4da5bi,j4ung1g,j5c6q7y,j5t5hvc,j6rer91,j78k38a,j7p1ttk,j7oz6si,j7oz1f3,j869n19,j8mb0ci,j93ic7a,j93fxh3,j93fumz,j9j9ogk,ja0rckc,ja0kw6z,jay3ulr,jay1cxx,jay10fk,jbdyzli,jbv3ama,jbv139h,jca2wxg,jcr2iyp,jcqz57z,jcqwqxp,jd7h0bw,jd7fnqc,jdohpc8,je4l0qc,je4j8gt,je4j2qz,je4i9iz,jelloyq,jeldvm3,jf1fimf,jfiaewl,jfi9gx9,jfi95xi,jfi7jjb,jfyavf1,jfy7bz1,jfy6sx1,jfy5wue,jgf6bhx,jgf2iag,jgf05ns,jgvb08s,jgv902n,jion1g3,jion0ow,jiod99k,jj5ehfq,jj5bhg0,jj5bddw,jj5ab2b,jjl9hy8,jkhinxd,jlewn1c,jlevl9c,jleuzgs,jleush4,jleuhh9,jlvt4ml,jlvrubr,jlvqoq8,jlvpl7r,jlvoc6a,jn8r2lz,jo3dc47,jo3cxea,jo39b3b,joy5gvi,jpep52y,jpenhm0,jpel5iw,jpekxps,jpekhrs,jpubelx,jpu7lxl,jpu6rj2,jqbgsdd,jqqs2bw,jqqpwwe,jr7pwnb,jr7omiy,js4mncc,js4ezpu,jsktno6,jskr4ka,jt23kqr,jt1ze7i,jtieurm,jtiehev,jti96hx,jvfhx75,jvxsrzg,jvxqxsc,jvxm8g3,jwewo6a,jwetz5o,jwxhn1m,jxw5vja,jyd2iww,jzd2rlv,jzvrsib,jzvplcb,k0e64mv,k0e38iy,k0wp8dw,k0wmceg,k1efqdf,k2euts2,k2xj6hy,k2xgot9,k4egwfp,k4wrgso,k5e1nw5,k5e18nk,k5e0w1y,k5dy1u7,k5w36kk,k6dmsiw,k6w28lp,k7cjgkt,k8uv742,k9ccacc,k9tlne1,k9tllp7,k9tl6rm,karm7tn,kbqxg05,kcpas73,kcp9wth,kcoyuup,kcowhdl,kd6280b,ke60jn8,keocczi,keo9d5j,kfmj4kd,kfrfwnf,kgt6el0,khcj0mk,khcgc0h,kif6v8x,kif14sk,kjhcxa5,kk0wph2,kk0u3l4,kk0qkfw,kk0nzvw,kk0mre9,kof8wd4,kof5m0l,kpgq5ap,kq08n0p,kq04rxh,kqiso5q,kr2cgdz,krleefs,ks4z8j2,ksojg0u,ksojeax,kvct2pb,kvcrfog,kvclj51,kvvi9fc,kvvgpid,kweub0q,kwerbst,kxh0tj1,kxzym98,kxzr42i,kxzpcwa,kyjls37,kyjgu8x,kz2an7p,kz27zbj,kz24w0p,kz22dgx,kzljl70,l04jbol,l0o4eau,l0nvet4,l16gubk,l285ye8,l2qufa4,l39kow8,l3s4bve,l4a8yib,l4a7q0p,l4a76qm,l7ctaiq,l7crluq,l7coyg6,l7cly3y,l7w23lx,l8etz09,l8eqjd4,l8xjaci,l8xc5rm,lb1rkg7,lb1rjz5,lbl14d8,lbl0r9z,lc45cqj,lc3yvg6,ld7smbg,ld7mnsa,ld7kgc0,ld7k4to,leaxz11,lgj0zo1,lho0sgu,li815yy,ljd4be0,ljxps9b,lkhismm,lkhhjmv,llm1dnk,llm06jc,lllzl4p,lllz6dc,lm6xvc3,lr8i0nw,lsclzmi,lsc5sji,lu3e1hw,lwh50zn,ly8kbuw,ly8ih4e,ly8i7pu,ly8ewh0,lytng28,lytm87a,lytln23,lytkngs,lytfm38,lytepcb,lze3d8a,lze2ga6,m14024g,m13zsul,m13zg2n,m13s1e1,m2t3qrq,m2t2nmd,m5sbozn,m5s8r6k,m5s8oah,m5s5g8x,m6dwtna,m7048qg,m7009fl,m898s90,m9jjeqm,m9jgj46,m9jetae,mbgoxyw,mbgm5aa,mdcby1y,mdcau6v,mdc9ras,mdc9mbd,mdc93zd,mdc8y3f,mdc8tcd,mdc8t5y,mdc8nd2,mdc7etn,mdz1iu0,mf8g6p4,mf8faog,mfvff8g,mh40row,mick9d1,miydo3q,mlcymi3,mnqqjhm,mnqm26r"
Rob Lucci,"j2fwoij,j2fwc6u,j4dg7h8,j4unl4r,j4uml3r,j5c1jvf,j5t25mi,j5sziwm,j5szfvu,j5szdu6,j865g8f,j8md1kb,j8mbam7,j93l4k7,j93dkuh,j9j9p2b,jbv1vhh,jd7gm3r,jfi7ox2,jgvb3kk,jhrv1gl,jjlbkpa,joy5q9v,jpuc4nu,jr7ozvr,jtidu3r,jugun7k,jugr8xj,jvxqvzt,jvxqr5n,jvxpwlv,jvxoztf,jvxohjx,jxw6bw6,jxw69wo,jxw6320,jxw4pto,jxw325q,jxw2wnb,jyd2wj2,jyd20xp,jyd189p,jyd0wra,jyd0qiq,jyd0hxk,jyd0g56,jyd0fui,jycz2uh,jzd800x,jzd7cpc,jzd3e5x,jzd2d1t,jzd1zds,jzvqwr4,jzvqsfi,jzvnb0a,k0e64mv,k0e4xwk,k0e4alz,k0e2upl,k0wizvk,k1eig9s,k1eidco,k1ehko1,k1egtcn,k1x8tin,k1x8lxn,k2f2nra,k2f0f3p,k3ezs3i,k3exdr1,k3x843j,k3wzpop,k3wyysb,k6dolk7,k7uz2qg,karlx6a,kbqwsj2,kcp9wth,ke60jn8,kfmk75v,kgt5yid,kiynk5h,kjhnn2e,kjh2o58,kk11l7u,kk0zfzb,kk0mw1o,kof8tbh,kof8myw,kq05mi0,kqitacl,kqit8zs,kqit37k,kqisqtd,kqirjh8,kqiqxpi,kr28zao,kr266em,krlg1g4,ks53m4y,ksogpan,ktr2xjz,ktr2pf8,ku9wjz1,kutloif,kutkmme,kutgq09,kvcvhal,kvcuvvt,kvct2pb,kvcrfog,kvvjdz4,kvvizog,kvviqlf,kvvhhkw,kvvghst,kvvfgn6,kvvev84,kweq1nb,kwxtcci,kxgzqhu,kxgr5y1,kxzsna9,kyjnxqm,kyjni7d,kyjn8nu,kyjjzuc,kyjjsq8,kzlmwlq,kzll4j4,l04mk6l,l04jdic,l16grpg,l1pk78x,l28c85c,l28azlw,l285ye8,l283e2p,l2r30ud,l39ps80,l4a8yib,l4a3vsf,l4sq2uf,l4sprpb,l6tu4gr,l7cvhia,l7w29me,l7vkah5,l8xd6dx,laicelr,laicedr,laibm1v,laib4j8,laian8a,lb1u8jj,lbkv472,leaxz11,ljxqnd2,ljxps9b,lkhjv4e,lqp3xg4,lrskec0,lthtrkx,lv9hluf,lzy2faq,lzy0hrq,m3uwmn1,m4lxc1g,m5643rj,m6dyeaf,m6dtixu,m70drnp,m709byz,m700u7u,matwj51,mattnqd,mbgjwva,mc37yro,mcpu0es,mdc9axr,mdc7hnf,mf8ic8t,mghr8bi,miydleg,mjk866h,mly594l,mn5f5gx,mn5ep6y,mn54equ,mnqrir2,mocdt0z,moyat7y,moy9get,mpki7a0,mq6jswq,mqsksm1"
Dracule Mihawk,"j2fwfky,j2furp1,j2fm84d,j2wbcrd,j2wb5sp,j2w7d8j,j2w6q99,j4dmuf9,j4dm2x9,j4dj4af,j4diglv,j4dgwmq,j4dfosn,j4ddoq6,j4ddj3o,j4dcbaz,j4dblgt,j4daq4y,j4dabin,j4da5bi,j5t60ym,j6alptg,j7ozpjz,j7oznso,j86d6i0,j86cacv,j869n19,j93ic7a,j93fxh3,j9j9o3v,ja0mu3k,ja0l4yb,jah4nii,jah4mtl,jay4bxe,jay3ulr,jbv8odr,jca3bgg,jca38lb,jca35hp,jca1m2t,jd7gyta,jdon8wd,jdol6d9,je4nnjz,je4k0nw,je4jatg,je4fno4,jelf1m6,jf1eun0,jfy69ln,jfy1xq2,jgf6bhx,jgezvsv,jhbxqza,jhbwfnv,jhbw8om,jhbw1us,jhrsbuu,ji8ssm6,jiomtq9,jiojgky,jioe66m,jioct18,jj59nhr,jjl9hy8,jk22qn1,jk20ecg,jkypp0r,jlvp3s1,jmsw16c,jn8ptle,jnpvuxo,jnpu44p,jnptjxz,jnpt8p2,jnpsv3y,jnpr84s,jo3dc47,jo3brjz,joj0j7f,joj0gej,joy5gvi,jpeq4t4,jpemrqc,jqblk37,jqbgsdd,jr7raco,jr7pi9t,jtiezjm,jtieurm,jti9b9v,jti96hx,jvfhy9o,jvfhwuy,jvff78k,jwf2pce,jwf1okr,jwf1hwh,jwxdcas,jwxbfno,jxe8ure,jxe74v3,jycyxm8,jzd9azj,k2xjqj5,k2xc9wq,k3exkxd,k4wti61,k6dl0wh,k6vvy9s,k7uqwk0,k8uv742,k8uq98m,k8un77q,k9cg97d,karhn46,kar99u1,kbqpvrg,kc7r1ke,kc7o15u,kcpas73,kcp9hej,kcp7pw2,kcp5s7l,kcp5jt0,kcoz5gr,kcoyuup,kcoxhzl,kcowwca,kd63mdt,kd5yfnz,kdoh2sk,ke60u5z,ke608qw,keoaixz,keo9ler,kfmeo9b,kfrlszc,khcn1c8,khcgc0h,khces8y,kiyft3f,kk0nxfz,kq06v3i,kq03g2w,kqit8zs,ks524k3,ks4z8j2,ks4xwlx,ks4wd9i,kt7sk2h,kutifpi,kvcnsnj,kvvj3oe,kvvi8ns,kvvi40t,kvvhnwa,kvvftf7,kvvexg7,kvvesy9,kwxh91s,kxgxliq,kxgvryn,kxzvvug,kxztyre,kxztqu5,kxzpcwa,kzlwnms,l04obtw,l0o5ufa,l0o4eau,l16fl5l,l39ley8,l3s1ur6,l3s18gj,l4a76qm,l4a5b0s,l4a0y4q,l4a0mn5,l4somma,l4soch9,l5b0jjg,l7cwzq8,l7cuvj5,l7ct52x,l7ct1ws,l7csza6,l7cson1,l7csf7t,l7cptb2,l7cmzv9,l7vpu9g,l7vn5xf,l8xjaci,l8xiz60,l8xdusu,l8xdbbu,l8xc5rm,l9z07ab,ldr9475,leaxeqp,lear4yg,lhnxyp1,lisp8cm,lisp6wz,lisp1cq,lisohet,lisi2uj,lishq10,lisg2zx,lkhismm,ll2h25t,llm06jc,llm00ms,lm76n5r,lm6y1o8,lqp0dg8,lr8j3r2,lsx6de0,luoeox6,luocwhn,lv9h5v6,lvvifd8,lwhyad6,lzyd7ls,m140lmu,m13s1e1,m1oe0kr,m1ode14,m2t52gn,m2t15fx,m4fhh1q,m4lxc1g,m4luzak,m563q61,m5s8r6k,m5s0fsd,m6dsj6p,m8w9m95,m8w9kuy,m8w7pav,m8w7elc,m8w2wmb,m9jji64,m9jj4bi,ma6hdgw,ma6h0aq,ma6fmwh,matv06w,matpmld,mbgq0qk,mbgkjf9,mc3bt68,mcptobc,mdcau6v,mdc9ras,mdc81oj,mdc724h,mfvff8g,mfv89gd,mfv7gbp,mh460gr,mh44ehf,miydo3q,mjk3h6h,mk5zzrq,mmjpoa9,mmjm3ze,mmjlai6,mqsm292,mrdyrob"
Roronoa Zoro,"j2fwesj,j2fwc6u,j2fvfkj,j2fqu9q,j2fn9vz,j2wcea4,j2wagvb,j3efbl3,j3eavvg,j3e5nco,j4di6ev,j4dfosn,j4ddt5z,j4ddj3o,j4dcbaz,j4davo7,j4dabin,j4uqqao,j4upupy,j4uptax,j4upor6,j4unorp,j4umw6q,j4umupo,j4umkfd,j4umim1,j4um5tm,j4ukld0,j5cd1lb,j5cb3bt,j5c6m52,j5c28zo,j5c1eml,j5t7kag,j5t7byp,j5t65im,j5t4hkj,j5t3sn5,j5sze29,j5sybf2,j6anahm,j6an5eu,j6rhyy1,j6r4azp,j78vmrz,j78uepw,j78u9sk,j78tae8,j78s1av,j7p29uc,j7p1ttk,j7p1ggg,j7oz6si,j7ox1fn,j7owip6,j7ow30w,j7ovnit,j7ovm9z,j86cv79,j86c3y5,j86a2ox,j865wpj,j865g8f,j8md1kb,j8mbam7,j8m9ko2,j8m9k05,j93lxjk,j93icem,j93ic7a,j93h44c,j93fxh3,j93erxz,j93dd5e,j93c6hq,j93bur0,j9j85zx,ja0qi14,ja0m4zh,jah4nrn,jah4nii,jah4mtl,jah4b2x,jah445p,jah42hd,jah3z40,jah3fwb,jah30dn,jah2yh5,jah2kkn,jah21kw,jah21ef,jah1vjo,jagzk0y,jagz9h7,jay6ttc,jay630p,jay4bxe,jay2pwg,jay2p5d,jay20sj,jaxw5bw,jbe1c2j,jbe1an8,jbe0l8i,jbdx7rz,jca5jnv,jca3tf5,jcrd38l,jcr8rk0,jd7h0bw,jd7fdgc,jd7e5zf,jdom0eb,jdolzuq,jdoldec,jdok0kt,jdojrn2,jdojjuy,jdoilj7,jdoi1mb,jdohucv,je4lzme,je4lhwl,je4jatg,je4i9iz,jelm1i6,jell6i5,jell3r3,jelf9li,jeldvm3,jfi9gx9,jfi95xi,jfi94vc,jfy8wq5,jfy8thd,jfy80cw,jfy7c8p,jfy7bz1,jfy775z,jfy69ln,jfy5sod,jfy53m7,jfy4adf,jfy3lfj,jfy3d8h,jfy1xq2,jgf5w9w,jgf4l5m,jgf47du,jgf40ea,jgf3cel,jgf3795,jgf0y18,jgf0g2u,jgvasmn,jgvae0x,jgva4kk,jgv8z1b,jhbytm2,jhbxqza,jhbxb1n,jhbw1us,jhrvhsn,jhrqctw,jhrq1e9,jhroqqg,jiop4vv,jiofsfj,jjlb7um,jjlb49u,jjl9wct,jk25p5p,jk25dvw,jk22ssd,jkhinoe,jleyf8k,jlexr91,jlewovg,jlevl9c,jlevgeo,jlev78k,jleugte,jlvrubr,jlvrrav,jlvrg0f,jlvqoq8,jlvpj4x,jlvpfg5,jlvoc6a,jlvno2z,jlvng4s,jlvm0r4,jmbssgc,jmsu4wx,jnpu2g8,jo3cxea,jo3cgox,jo3brjz,jo3bo12,jo3a43x,jo39je7,jo39b3b,jo392zd,jo38rtw,joj1rze,joj1dbr,joj10on,joj0j7f,joy70zd,joy6wba,joxzvm4,jpepbvm,jpep52y,jpenhm0,jpelp6a,jpel5iw,jpekg3w,jpekapz,jpu8ppa,jpu6rj2,jqblnx5,jqbjgyy,jqbivfp,jqbgy1z,jqbgsdd,jqbgcoi,jqqq5o5,jqqojqa,jqqof6q,jr7snl1,jr7qn5j,jr7phbd,jr7on98,jr7nnpv,jrnnw23,js4gl35,js4fv1y,jskrgbs,jskrc9x,jt23kqr,jt2290l,jtiezjm,jtiehev,jtibhsb,jti8i3z,ju0d2y7,ju08nwb,ju06sge,jvfdm49,jwf3het,jwf3445,jwf2x73,jwf1okr,jwezklk,jweuvt1,jwetn39,jwxb6nn,jxee98m,jxedauw,jxe74v3,jxw8xh6,jxw8qrm,jxw7y7k,jxw7sg5,jxw6bw6,jxw64ih,jxw5gw2,jxw4tb9,jxw4mgy,jxw325q,jyd2wj2,jyd1m9s,jyd0wra,jyd0khc,jyczyfy,jyczxdi,jyczpom,jzd9azj,jzd2rlv,jzvqsfi,jzvqmbj,k0wqpjq,k1einr2,k1ehoxo,k1ehko1,k1ehd44,k1egtcn,k1egh19,k1eg6jg,k1x8tin,k1x5bxv,k2f38k5,k2f2yks,k2f2w4e,k2xlabx,k2xkxu2,k2xjqj5,k2xgot9,k2xfoje,k2xfb11,k2xdad8,k2x8y3r,k3wz3li,k4eknrx,k4eh1xe,k5e1nw5,k5e18nk,k5dyot4,k5dyg8w,k5dy1u7,k5dxlqk,k6vxphv,k6vvy9s,k7uxcyn,k7uqwk0,k7uqkf1,k7unpj3,k8uv742,k9ccfie,k9c8alj,k9tb5k0,k9sxf92,kb9093r,kb8yju3,kb8y4bn,kb8wp6n,kb8v5ce,kb8tvy5,kbqxlv0,kbqsjq0,kbqqoq6,kbqqnkr,kbqpf06,kbqob7a,kbqo9jt,kbqnuxr,kcpbkik,kcp1q39,kcoyuup,kcox28c,kcovrgm,kd5w00z,kdoq216,kdonn5l,kdonf6e,kdom3eu,kdolqer,kdolj0t,kdokcoc,kdok6fu,kdoj55h,kdohnbw,kdoh51s,kdog8in,kdofz6r,ke60jn8,ke60gw7,ke5z7o5,ke5xuvw,ke5wv58,ke5wcp2,keocrja,keocczi,keo96rx,keo14jl,kf41b4j,kfmiafh,kfmhhm6,kfmeo9b,kfmdoy3,kg9k9zm,khcn1c8,khcl6w2,khckhr9,khcj6tq,khcgc0h,khcg311,khce9tu,khvxsla,khvwor5,khvtr59,khvq82d,kif0bdg,kiyoswf,kiynk5h,kiylv8m,kiyggxl,kiyet8o,kjh2o58,kk0vjy8,kof8xe3,kof8tbh,kof8myw,kof6z0l,kof3u51,kpgxxsc,kpgqr6x,kpgq5ap,kpgonsx,kq0b9tj,kq05mi0,kq03g2w,kq02xgz,kq02ikz,kqitacl,kqit8zs,kqit7c6,kqit18c,kqit0nf,kqiswv2,kqisj0p,kqirq37,kqir3vg,kqiqxpi,kr2chpd,kr2c9a5,kr2bjnf,kr26xyk,kr23n0i,krlg1g4,krlflpf,krleptn,krldoiu,ks552p9,ks53m4y,ks4xwlx,ks4wu9f,ksoi0he,ksoh4si,kt7pz54,ktr5kx2,ktr2xjz,ktr2pf8,ktqw8mu,kutmajd,kutloif,kutlghl,kutkpn9,kutkmme,kutk7ez,kuthxkn,kutgq09,kvcvhal,kvct2pb,kvcrfog,kvcos8d,kvcopen,kvco0ex,kvckjq7,kvvipfw,kvvg47w,kwesolk,kwxth82,kwx7gru,kwx6pec,kxgyy4p,kxgt2il,kxzzpkc,kxzym98,kxzw81t,kxzso4g,kxzsna9,kxzs5ed,kxzpqq6,kxzpcwa,kxzon0l,kyjlsoy,kyjlb6s,kyjht3w,kyjh81o,kyjgotw,kyjg5ws,kz28min,kz24w0p,kz23ztq,kz23u0q,kz23nvx,kz23k4m,kz23j7o,kz2343p,kz233jq,kz2259b,kzlwnms,kzlrw21,kzlrt5z,kzlg22k,kzl9uy0,kzl8dxe,l04obtw,l04mdkt,l04lx92,l04ljjc,l04l5ux,l04l42s,l04krhu,l04kkys,l0nyfr0,l0nxqgq,l16r8l4,l16muoz,l16j6fj,l16ir6c,l16erl9,l28azlw,l286opn,l2rdq6k,l2r75er,l2r6vb1,l2r5ztp,l2r4xn4,l2r4tnk,l2r275x,l2r1tpq,l3s1ur6,l4alnon,l4ach1g,l4a8yib,l4a7q0p,l4a1eio,l4swlzr,l4stwm8,l4spmqg,l6b9f04,l6b6vrc,l6u5tky,l6u4j1u,l6u3kau,l6u1q29,l6tximn,l6tq7cc,l6tpt6c,l7cwwgc,l7cuwc0,l7cukre,l7csza6,l7cswf1,l7cmpaa,l7cmeau,l7w0hc3,l7vtvey,l7vqfj8,l7vkv1b,l8euojn,l8etz09,l8etlqw,l8etkp2,l8et86b,l8et4ly,l8et0cu,l8esu3j,l8esrop,l8espiy,l8esoe0,l8esb19,l8erexg,l8er81z,l8xh0jt,l8xencg,l8xej3u,l8xdusu,l8xafbf,l9g59k0,l9z7y6r,l9z7iy6,l9z4k56,l9z3lz6,l9z07ab,laicj8e,laicelr,laic9er,laic149,laibm1v,laib4j8,laialml,lai9d2a,lai96av,lb1yh4r,lb1u8jj,lb1sa4f,lb1rajc,lb1r6eb,lb1qk0w,lb1q2v9,lbl14d8,lbl0r9z,lbkyubf,lbkwmpd,lbkv472,lbktiz1,lc482t7,lc40pnb,lc404ah,lc3yvg6,lcnttlw,lcnsd2o,lcnqiys,lcnpyt8,lcnox0l,ld7me18,ld7k4to,leaxz11,leuvr0p,lfenlm6,lfemoe5,lfyjxdi,lfyjwg1,lgj466x,lh3dn9q,lh351y7,lhnxc79,li84q6d,li842d6,li83r7t,li83km1,li815yy,li80tf8,lispbae,lisi2uj,lisgcqt,ljd42ke,ljd0slb,ljcz6kd,ljxq6gx,ljxpdbr,ljxp8io,ljxp72m,ljxlvbw,ljxl22c,ljxkgvl,ljxh100,ll2i9lf,ll2f6lp,llm6gaf,llm44iw,lm77ovv,lm6y1o8,lq4gejp,lq4cssg,lq4cdqa,lq46cuw,lqp3xg4,lqp10tq,lr8i0nw,lr8hzik,lscjziw,lscetbb,lscecbk,lsc8gg8,lsxak63,lsx93dl,lthwibq,lu3ga64,lu3ek0g,lu3diaj,lvvpva6,lwh50zn,lx2n4u1,lxo81iy,ly8ic9l,ly8i7pu,ly8hyfb,lyththf,lzyd7ls,lzy7bsf,m143w9p,m141126,m1ode14,m1ocx5j,m1oc7rj,m1obzf3,m1oay92,m28pv08,m28on9h,m2t2nmd,m3v4ixj,m3uwbd2,m3uv4uo,m3una7k,m3umslw,m3umoku,m3umais,m3ug4kn,m3u93sn,m4freya,m4lxnge,m4lxc1g,m4lwpx6,m4lwbr7,m4lug2q,m4lotv5,m563q61,m5saerd,m5s99zg,m5s8r6k,m5rytxh,m6dy2ff,m6dvjv2,m6dtixu,m70ens7,m70ac1n,m709byz,m702rl5,m701uyk,m701d9p,m7009fl,m6zz6zb,m898piv,m8w9m95,m8w2wmb,m9jji64,ma6j1kf,maty6b2,matv06w,matrby2,mbgq5lx,mbgq0qk,mbgoxyw,mbgoi0e,mc3eous,mc3e9lc,mc3czzg,mc37dt1,mcptobc,mcps431,mdc9047,mdc6uur,mdc6u90,mdz1v6x,mf8jify,mf8gvg9,mf8gc11,mf8g1b2,mf8fkwy,mf8dmtf,mf8deed,mfvf262,mfva3za,mfv9boj,mfv7gbp,mghuvu4,mghs2rf,mghqnwa,mh44ko2,mh44ehf,mh431yn,mh42dj6,mhqazl1,mhqaqsj,mhqa5se,mhq9lyc,micnfi4,miyjbw5,miye5jp,miydleg,miyct7f,miyclt1,mkrvowu,mkrq7ly,mly6kpx,mly594l,mmjoki3,mmjnuid,mmjm3ze,mmjlai6,mn5fba4,mn5f5gx,mn5ep6y,mn5ck6b,mn5at4h,mn54equ,mnqskgf,mnqnbdc,mocg9b3,moydipt,moy7h8d,mpklnwu,mpkijfp,mq6jswq,mq6ikj8,mq6hjg8,mre297p"
Kaku,"j2fvqbk,j4dabin,j4unl4r,j4umkfd,j4um5tm,j4uln0w,j4ukmug,j6r4azp,j6r4780,j865g8f,j8md1kb,j8mbam7,j93icem,j93fxh3,jdoluc9,jdoilwn,jlevl9c,jxw2wnb,jzvqwr4,k3wyysb,khcn0li,kjhnn2e,kk0t3nn,kk0qkfw,kual28m,kua9jye,kvvjflq,kvvgaem,kvvfitb,kxzpcwa,kxzpafx,l4t0ua7,l4stwm8,l4sprpb,l7vqfj8,l7vkah5,lbkz12e,mocdt0z"
Monkey D. Luffy,"j2fsdwm,j2frqg2,j2fov0b,j2fmy27,j2wce4c,j2wbk7z,j2w907m,j2w7t4c,j2w6iqa,j2w5rd2,j2w59qf,j2w55ou,j2w49b7,j2w3dci,j2w23z7,j2w1p7f,j3effij,j3edydz,j3ec7lc,j3eavvg,j3eaq3c,j3e9cno,j3e7rtm,j3e5a6j,j3vfl81,j4dltph,j4dhhgb,j4dg32r,j4dfoux,j4ddj3o,j4davo7,j4d9cqo,j4uq5iy,j4uptax,j4upno0,j4unhld,j4ukmug,j4ukh2g,j4ujsgs,j5cd1lb,j5cbhlc,j5cb3bt,j5cao1x,j5c7f8f,j5c6936,j5c6270,j5c31ol,j5t4i94,j5t3y4p,j5t25mi,j5sze29,j6aqfqf,j6aqafy,j6apjl9,j6aoazl,j6ao844,j6any3k,j6amnkk,j6amcjz,j6akxs4,j6ajoyk,j6ajfut,j6aiyse,j6aiu5z,j6rk2vz,j6rjvul,j6riegd,j6rer91,j6r8rtw,j6r6rli,j6r6ncr,j6r4azp,j6r04kj,j6qwriw,j6qwn7b,j6qujig,j78wfha,j78vtsd,j78v4en,j78tavl,j78swas,j78ske8,j78phnu,j78lzca,j78kqwa,j78k38a,j78jy3v,j7p29uc,j7p1ttk,j7p04wt,j7oz6si,j7oz1f3,j7owsbs,j7owiut,j7owbca,j86e9c5,j86d6i0,j86bmg4,j8646uz,j8644q5,j863r2y,j8md1kb,j8mcwog,j8mbam7,j8mah3k,j8m9sox,j8m9ko2,j8m99ln,j93l8pu,j93jdjd,j93jayh,j93hxzk,j93h44c,j93gq82,j93fxh3,j93f9q1,j93erxz,j93bur0,j9jdmwd,j9jbvuo,j9ja4n4,j9j8j80,j9j6n1l,j9j52ad,ja0qqoc,ja0qi14,ja0p8rj,ja0oqp4,ja0on4u,ja0n3qp,ja0mv48,ja0mqky,ja0lmag,ja0le3k,ja0l04q,ja0kw6z,ja0k5z2,ja0jtp0,ja0j5ry,ja0hr1u,ja0h38x,jah4mtl,jah49gg,jah3dhz,jah21ef,jay73ud,jay2p5d,jaxzbuv,jaxz5gn,jaxy6es,jaxxmef,jaxxdkv,jaxweb9,jaxw5ph,jbe2ufk,jbdy9ja,jbv2y80,jbv1vys,jbv1vtp,jbv139h,jbv0tpr,jca45ev,jca2lgc,jcre25a,jcr8fzk,jcr6ewb,jcr2iyp,jcqz57z,jcqyx2d,jcqxjfc,jcqwqxp,jd7h0bw,jd7g0e2,jd7fnqc,jd7etyn,jd7eqe5,jd7e7a5,jd7e5zf,jd7dqbj,jdon6n1,jdon0hu,jdomno8,jdoml8d,jdomiv3,jdom8kc,jdolmdg,jdoll37,jdolitg,jdolc5o,jdoiinh,jdogx0p,je4nmom,je4nh7r,je4m7jm,je4lz6x,je4ksgb,je4kmu7,je4kkdf,je4k8p0,je4jynp,je4jatg,je4id3h,je4i8rx,je4hoc1,je4hhn3,je4h121,je4gmub,jellt4o,jelk5y2,jelj5jv,jeliozr,jeli8m2,jelhoh3,jelg94h,jeldvm3,jf1g5od,jf1fy2d,jf1fmur,jf1esuc,jf1e1dp,jf1dh89,jfiagtj,jfiacjj,jfi9eem,jfi94ru,jfi8y87,jfi8x9t,jfi70ah,jfy9wyx,jfy9mxj,jfy9bka,jfy80cw,jfy5sod,jfy5c5d,jfy53m7,jfy3d8h,jfy1x89,jfy1k7d,jgf55gb,jgf47du,jgf3795,jgf24i9,jgf0dgc,jgvb4iu,jgvb3kk,jhbyz0d,jhbytm2,jhbxrn3,jhbxb1n,jhbx3pz,jhbwn15,jhbwi8k,jhbwgva,jhbw8om,jhbuxc9,jhbuxe7,jhbubg4,jhbu39n,jhrvhsn,jhrvhf3,jhrsf63,jhroxv4,ji8sha1,ji8oojc,ji8o1oc,jiop4vv,jioonmd,jionxi1,jionmkf,jion1g3,jiom71q,jioke9h,jiokam6,jiok3bv,jiojtrr,jioioy1,jiofsfj,jiodwgr,jiod99k,jiocmtl,jj5eirz,jj59nhr,jk250z6,jk23wtf,jk23km7,jk22x9c,jk22q64,jkhm1g3,jkhjzm1,jkhjy30,jkhjinj,jkhinxd,jley08t,jlexr91,jlevnd7,jlevl9c,jlevgid,jlev7u5,jleuzgs,jlvovug,jlvmvyv,jmbssgc,jmbsmbd,jmbs1i4,jmbritm,jmbrgv6,jmbr2g4,jmbqflu,jmswge6,jmsw0po,jmsvovo,jmsvn98,jmsvijj,jmst3cy,jn8r3yr,jn8r1hn,jn8nb0p,jnpt8p2,jnpro3f,jo3dc47,jo3brjz,jo3bdb7,jo3acn4,jo3a85m,jo39pmq,jo38ssr,joj1u0g,joj174i,joj0o7s,joj0ca1,joj04f3,joj03g4,joj036q,joizr2v,joizi1b,joiyeb0,joy8m72,joy70zd,joy6wba,joy3mlc,joy2q7n,joy2jpu,joy29d3,joy27qa,joy12xe,joxzogq,jpep52y,jpeoapb,jpenhm0,jpels9n,jpel5iw,jpekg3w,jpekapz,jpejgxc,jpufkd0,jpue3iv,jpuc4nu,jpub1y0,jpua0g3,jpu9k6s,jpu9ay9,jpu8nga,jpu6jeu,jqbi0cr,jqbh1ob,jqbgy1z,jqbf93t,jqbf4w2,jqqvjl8,jqqusgt,jqqugci,jqqsq9p,jqqr8tt,jqqq0hl,jqqoqon,jqqocmy,jqqkyew,jr7sqt2,jr7sppa,jr7qd3v,jr7pi9t,jr7oupg,jr7on98,jr7ktlz,jr7km43,jrnpi8x,jrnpcul,jrnp7mm,jrnouxw,js4mnac,js4mkgr,js4m9k9,js4l5hr,js4kvrq,js4kcc9,js4jlsu,js4ivn5,js4geos,js4fv1y,js4f3j9,jsku1pw,jsktrl3,jskt6m3,jsks114,jskr7td,jskqmwz,jt25fw9,jt24a5y,jt23kqr,jt20itg,jt20hfb,jt1z35r,jtiezjm,jtiehev,jtidzkj,jticexn,jtiapdn,jtia80b,ju0d2y7,ju0byq9,ju0bxgy,ju09cvz,jugyneo,jugymho,jugy84s,jugryu0,jugopfu,jugh692,juys6px,juyqkz4,juyqa1v,juyo9gj,juym8ll,jvfi93a,jvfhx75,jvfhqcc,jvfe9t0,jvfe691,jvxrbi4,jvxr2bo,jvxq6or,jvxq2id,jvxnlib,jwf2x73,jwezwpb,jwexvse,jwexszu,jwewo6a,jwev4wh,jweuvt1,jwxi80g,jwxhr5a,jwxg32n,jwxejow,jwxbwdv,jxeevzj,jxea4tr,jxe9p57,jxe981s,jxe8pxk,jxw8xh6,jxw8k36,jxw7cel,jxw78xr,jxw6v7x,jxw6bw6,jxw5lia,jxw5gw2,jxw5947,jxw51u8,jxw4yt4,jxw4jit,jxw3o7m,jxw325q,jyd2x53,jyd2wj2,jyd2p33,jyd2lt9,jyd2dip,jyd27g1,jyd15db,jyd0unx,jyd0qip,jyd05oj,jyd01xg,jyczbzk,jycz78n,jycz4ot,jyvkyha,jyvjtz6,jyvf07n,jyveo4q,jyvdi60,jzd80gb,jzd71hh,jzd717u,jzd22zx,jzvtcyw,jzvrsib,jzvrpqk,jzvo77t,k0e67s7,k0e64mv,k0e5pze,k0e5nmf,k0e55ht,k0e4xwk,k0e4pw9,k0e4alz,k0e3uug,k0e3qem,k0e3igy,k0e38iy,k0e37v3,k0e37mr,k0e34fx,k0e31hh,k0e2upl,k0e2r5t,k0wq1ht,k0wp0ox,k0wkf3y,k0wkbib,k0wizp6,k1ekcgo,k1ek7ro,k1ek37p,k1eilum,k1eidco,k1ehko1,k1ehj8v,k1egb33,k1xahff,k1x9t6e,k1x94fp,k1x8hxm,k1x6me9,k1x5nbo,k1x5bxv,k1x4i79,k2f3jd1,k2f3b8a,k2f2w4e,k2f27dd,k2f032k,k2ezn58,k2evscz,k2ev7z2,k2xlabx,k2xjz1m,k2xfci1,k2xcugh,k2xblmx,k2xb2fy,k2xadyb,k2xadx8,k3ezzbj,k3eztwn,k3ezs3i,k3ezbi0,k3ez6rk,k3eyymp,k3eyog8,k3eyjqc,k3ey5nz,k3ey0f9,k3exvpj,k3wz3li,k4emap2,k4em502,k4em1si,k4ejulj,k4ejcks,k4ej49o,k4ehvtx,k4wuw3i,k4wulsz,k4wu5sp,k4wqwpf,k4wo6f2,k4wnna0,k4wncpc,k4wmpyi,k4wl3m5,k4wjtpp,k4wjicz,k5e18nk,k5e0w1y,k5e0erx,k5dyot4,k5dydyd,k5dxoal,k5wfk3q,k5weqmy,k5wdd90,k5wd9cr,k5wbcjv,k5w3t9s,k5w36kk,k6dol8n,k6vz9pf,k6vxphv,k6vvf0w,k7chg88,k7uqvz5,k7unpj3,k8cft0g,k8cf3ni,k8uzo8a,k8uy82l,k8up4bs,k9ce6qs,k9cdzvn,k9caroq,k9ca4xs,k9c95lv,k9c8ztz,k9c8alj,k9c80wq,k9trfl5,k9tlz7h,k9tlkse,k9tl6rm,k9t4yxs,kaaarmr,karmukp,karm4op,karlzzh,karls28,karllob,karlg1k,karkwpm,karkljp,karjqwz,karisdv,karde81,karc8xk,karbur2,karb5xf,kb90qjl,kb90phi,kb90dga,kb9093r,kb8yruu,kb8y5l0,kb8wftz,kb8vkkl,kb8tven,kb8slcm,kb8shwp,kbqwsj2,kbqw3b8,kbqvkab,kbqsjq0,kbqqoq6,kbqqnkr,kbqob7a,kbqo9jt,kc7s454,kc7rdv6,kc7qafq,kc7op2u,kc7nzf0,kcpbkik,kcp9wth,kcp822w,kcp66nv,kcp51z6,kcp1q39,kcoyuup,kcowhdl,kcowgmr,kd62anw,kd61vpt,kd5z8fy,kd5wh13,kd5vu59,kd5uxdu,kd5u855,kdoqjkd,kdopq3a,kdop7ek,kdonoqu,kdol6c8,kdokjh1,kdok6fu,kdoiux6,kdoex7g,ke632yo,ke62ys1,ke61uhl,ke61p0o,ke60jn8,ke5yzcd,ke5ydt9,keodgj1,keobwnw,keob7x9,keob0k1,keo9d5j,keo9arl,keo8b18,keo6jgv,keo5l4x,keo4ioj,keo2c2m,keo23kh,kf41b4j,kf40lkr,kf3z1hx,kf3z0dv,kf3ykta,kf3xm6l,kf3xkc7,kf3xh1f,kfmjp0x,kfmj4kd,kfmiafh,kfmc8lf,kfmc5gv,kfma6t4,kfrmzxj,kfrkhv8,kfrfwnf,kfrfds2,kg9l0pa,kg9g9gz,kgt2ox4,kgt06sj,kgszpxw,kgsypqa,kgsyeri,khcgc0h,khcg311,khcf5xz,khcdn35,khvt1fq,kif575f,kif0mn3,kif0bdg,kiezqsp,kiyqa6q,kiymtyc,kiym5cg,kiykipf,kiyh83c,kiyex9b,kiye1c2,kk11t3i,kk11l7u,kk0u3l4,kk0nzvw,kk0nxfz,kof8wd4,kof8gde,kof7hq6,kof5r8h,kof4v6j,kof3nkv,kof3h3j,kof39gx,koyaj5r,koya4i7,koy9hwn,koy9gh7,koy98s5,koy81nu,koy7gw9,koy6t0c,koy3zgi,koy0x70,koy0i6b,koxystb,kpguvnp,kpgthdz,kpgsua2,kq0bqtt,kq0aqvt,kq0816t,kq07vrc,kq05mi0,kq04rxh,kq043v6,kq0354l,kq02xgz,kqitg26,kqitacl,kqisxju,kqisql9,kqis6ut,kqis1yn,kqirz5b,kqirvb7,kqirnd9,kqirk3u,kqir523,kr2ccku,kr2a480,kr29fev,kr286tw,kr26kdu,kr267xg,kr23zj3,kr22cuc,kr22cn3,krlgbz7,krlg442,krlfw6j,krlfviu,krlfoau,krlfn3c,krlf8xx,krlf39j,krler9p,krlep8j,krlehz2,krle587,krldwv7,krldwpq,krldpf6,krldozk,ks54sot,ks50qxw,ks4wxcl,ks4wm9b,ks4urcb,ksol2to,ksojj8t,ksojg0u,ksoj7j8,ksoimwp,ksoia35,ksoi2sf,ksohf2z,ksogsw8,ksogpan,ksoglmj,ksog4e3,kt81tzr,kt7u9z2,ktr2cyo,ktr07dh,ktqy1g8,ktqxkz8,ku9vzfy,kutlghl,kutl340,kuthgqo,kvcurkz,kvctzcf,kvct2pb,kvcs6xt,kvcrykj,kvcrfog,kvcpb1b,kvcj9n9,kvvjcvi,kvvj8bd,kvvifc8,kvvi9fc,kvvi8ns,kvvhecw,kvvgpid,kvvg6kq,kvvf7wy,kwevtdk,kwevl7p,kweub0q,kwesolk,kwese3z,kwesbtb,kwercse,kweq1nb,kwenlu7,kwemvy4,kwxx4kw,kwxusvl,kwxu4vr,kwxt55v,kwxs8g1,kwxs5i3,kwxs5gi,kwxr2ix,kwxokxs,kwxh91s,kwx8mhh,kxh0tj1,kxgzwcc,kxgyy4p,kxgvt8j,kxgu7qt,kxzym98,kxzxqfs,kxzxe1d,kxzwlc3,kxzw9jr,kxzuev2,kxzsksn,kxzr15r,kyjo9fl,kyjls37,kyjjsq8,kyjgu8x,kyjf7h1,kz28min,kz25vel,kz2441f,kz23u0q,kz23j74,kz23f9k,kz233jq,kzlw00y,kzlopm1,kzlnewx,l04pwsl,l04mk6l,l04mfz1,l04mecx,l04m9um,l04leji,l04l42s,l04k9b5,l04jlnx,l04jdic,l04jaj4,l04j3z4,l04iyol,l04ixoq,l04ilbz,l0o0v7n,l0o0s27,l0ny4yt,l0nwv3o,l0nt6np,l0nt5kk,l0nsrsy,l16rtrp,l16rd97,l16rb6z,l16r90s,l16r76n,l16jihi,l16ir6c,l1ppu3p,l1ph11a,l28c85c,l282xcb,l2r35me,l39ps80,l39n5io,l39k8ru,l39k7kw,l39k1kl,l3s4bve,l3s10zz,l3ryad3,l3rxzjy,l3rx4nv,l3rwxus,l3rvmur,l3ruyec,l4alizk,l4ajolc,l4aeee6,l4a8yib,l4a5hxp,l4a22b2,l4a1eio,l4a0ayy,l4t0tsh,l4sq2uf,l4spmqg,l5b4wvo,l5b4j5z,l5b4att,l5b0v14,l6b9qvd,l6b9f04,l6b4ecj,l6b3apw,l6u2spn,l6tximn,l6tvdi1,l6tu6d3,l7cwzq8,l7ctaiq,l7cson1,l7consi,l7cog5s,l7vzq5h,l7vyrmo,l7vwhc8,l7vtvey,l7vt12j,l7vsm7o,l8etz09,l8etkp2,l8etis2,l8eso2b,l8er81z,l8eqer5,l8xjznu,l8xisfx,l8xh63v,l8xgy8q,l8xgs2k,l8xg23d,l8xfeab,l8xdbbu,l8xbo53,l9g77h5,l9g72n8,l9g4qt5,l9z7y6r,l9z4gdj,l9z3lns,laibubg,laibm1v,laib4j8,laian87,laiakf5,lai9yuj,lai8zcq,lb1xo67,lb1wwfl,lb1ul8s,lb1u8jj,lb1txfj,lbl14d8,lbl0r9z,lbkyubf,lc45cqj,lc44k5r,lc43c5j,lc42hq8,lc40l6r,lc408ji,lc400n9,lc3yvg6,lcnu4jb,lcnttlw,lcnsnpk,lcnpncn,lcnosfr,lcnnigz,ld7sn1w,ld7nrf4,ld7na1r,ld7lz44,ld7ku1t,ld7kfee,ld7k4to,ld7jcu2,ld7i9jk,ld7i79w,ldrbx3y,ldrb8xq,ldrarxr,ldr8myt,ldr869o,leazyyu,leaxz11,leatut5,leas60w,leuw7e6,leuvm1d,leuu5cw,leut24b,leusbi5,leuryhy,leuqqdx,leuq74m,lfeuu92,lfeusij,lfeqy4g,lfen6c8,lfynzvc,lfynqqr,lfylpae,lfykqlx,lfyk27o,lfyjxdi,lgj5ccf,lgj59e2,lgj466x,lgj2s3z,lgj2hk7,lgj2flp,lgixj4r,lgixf62,lh3dn9q,lh3az1o,lh382k1,lho0op1,li84qj1,li83ymq,li83l3j,li82dwg,li81u4o,li811bd,li80tf8,li80j9c,li80dhu,li802dc,li7zz7a,lisos8u,lisoeh5,lismmpq,liskue2,lisk2i1,lisi2uj,lishcdn,lisgcqt,ljd3mes,ljd2tjk,ljcz7jh,ljcz67o,ljcyvji,ljxqnd2,ljxps9b,ljxpgpr,ljxmq6w,ljxmeq5,ljxm555,ljxi3k9,ljxhu43,lkhjf42,lkhhvo3,lkhhjmv,lkhg9pi,lkhfhmc,lkhekbr,lkhdgs3,lkhcw93,ll2hh92,ll2euvt,ll2dp8k,ll2d5le,ll2cw27,ll2cind,ll2budp,ll29y9f,ll28swr,llm44iw,llm14vy,lllzcb0,lllzbed,lm78i1q,lm76qe0,lm750tn,lm74crw,lm702zj,lm6xvc3,lm6xidg,lq4cssg,lq4cdqa,lq48wya,lq47um9,lq44tzc,lq43snv,lqp4m52,lqp4ejl,lqp3xg4,lqp10tq,lqp0tgr,lr8l6nq,lr8jox2,lr8f2r3,lr8eo30,lrsvjmi,lrss3hx,lrsq7v2,lrsq3wk,lrsps5m,lsci2yc,lscfynd,lscecbk,lscc3gn,lsc8n35,lsc8gg8,lsxdr55,lsxak63,lsx8sgc,lthy3po,lthy2gy,lthy1iu,lthxx3h,lthwnuj,lthwcqv,lthw42e,lthvw2o,lthv3h1,lthuul3,lthup6a,lthuc8w,lthr0k2,lthqv3h,lthqntr,lthqfp4,lthq4er,lthq497,lthq415,lu3he9z,lu3fva7,lu3ek0g,lu3d66j,luojk6d,luohovx,luofky3,luodbyj,lv9l6h4,lv9evzv,lvvrell,lvvlnan,lvvjdey,lvvg2iv,lvvf8z4,lvv85n2,lvv83u7,lwhynph,lwhxezw,lwhx04x,lwhv7mb,lwhuq5i,lwhtd2d,lwht20l,lwhfsc3,lwha8my,lwh7rzc,lwh50zn,lwh447z,lwh0t9k,lwgz56p,lx2j6rd,lxob8km,lxo81iy,lxo5fnu,lxo58rn,ly8jgp8,ly8j6tg,ly8fudb,lytpbhp,lytndwq,lytn76d,lytln23,lytkngs,lytivny,lytfowc,lytflb9,lytfaq5,lze2ga6,lze23gm,lzdz7w8,lzdp45v,lzyeffs,lzy8nez,lzy8536,lzy70n6,lzy6nj6,lzy55h5,lzy482e,lzy2wza,lzy2faq,lzy1u5n,lzy0ltz,lzy0hrq,lzy0bsr,lzxzq93,lzxyvqv,lzxy8fc,lzxxj83,m0iy8lq,m0iw6f6,m143wji,m142uks,m141llk,m140rkk,m140lmu,m14024g,m13vfz6,m13uqbx,m13sv33,m13rmjv,m13ra7d,m1obag6,m1o8w72,m28tmnq,m28t9g6,m28mn4n,m2t1fbs,m3czcfw,m3cytuj,m3v45rf,m3v3zfd,m3v2r2a,m3v2nn4,m3v0wj8,m3uz0up,m3uwwnd,m3uwmn1,m3uv4uo,m3uuyaj,m3ut3sy,m3uslbx,m3urbtk,m3una7k,m3ucebc,m3u8yhe,m4frlwc,m4fp9ih,m4foiza,m4fnf1x,m4fmyq8,m4fmmgv,m4fmjkf,m4fmd8d,m4fjjf8,m4fhzk7,m4lxboh,m4lvyin,m4lveou,m4lvayr,m4lufui,m4lti1j,m4lpvuj,m4lptxq,m4lp0i6,m4lp09o,m564rhe,m55y7sm,m55ue65,m55tsku,m5s8r6k,m5s15yc,m5s0xey,m5rzye3,m5rz7sv,m6dyqzl,m6dyeaf,m6dxocr,m6dx3ed,m6dw0lw,m6dvwby,m6duc32,m6dtapy,m6dt4db,m6dspo3,m6dsfar,m6dsevi,m70ens7,m709qaw,m709byz,m708w57,m705nu2,m703is5,m702fgo,m701r94,m700hx7,m7009fl,m7m52vx,m7m415u,m7m415j,m7m149y,m7lz7i5,m7lxg3b,m898y58,m89858q,m892d6t,m890rmn,m8wa1mg,m8w44k3,m8w3vy6,m8w3cjc,m8w344z,m9jom75,m9jjeqm,m9jj7wp,m9ji1p3,m9jf3xp,m9jequv,m9je6t9,m9j9hwd,ma6g8ae,matzqcy,matzdko,maty6b2,matxqqz,matxbto,matwj51,matwi9k,matvpfp,matu4cr,matt0la,matr4ok,matr0pw,matppcd,mbgpigo,mbgosyp,mbgjwva,mc3eous,mc3ef6u,mc3d7g2,mc3bnax,mc3ab2m,mc38n8j,mc37idb,mc37dt1,mc37488,mc362p3,mcptwr7,mcptnkn,mcpt3bz,mcpo59l,mdcbzur,mdcbsr2,mdcbgtr,mdcb6ri,mdcaq5h,mdca422,mdc9pyi,mdc9mbd,mdc9gbm,mdc9axr,mdc9047,mdc8tcd,mdc8t5y,mdc8nd2,mdc845u,mdc78b0,mdc6wyx,mdc6wk8,mdc6l49,mdz1zff,mdz15gg,mdz0xn5,mdz041o,mdyynih,mdyxonr,mem06j4,melwiva,melv4vg,meltpqq,melslhn,melr2e9,mf8ic8t,mf8i6nz,mf8h9v4,mf8g6p4,mf8g1b2,mf8eg38,mfvf262,mfveptp,mfvea2b,mfvb8zf,mfv9boj,mfv8vgd,mfv6rw4,mghuvu4,mh43zyd,mh435p4,mh41x42,mh3v7dp,mh3uv9f,mh3ugq4,mhqf0sy,mhqejd1,mhqdshv,mhqck6n,mhqcg5d,mhqcet7,mhqc6vh,mhqb4or,mhq9wyl,mhq9u6v,mhq9kt0,mhq8xix,micoqgy,micn6e3,micmhkx,micld43,miclbl8,mick9d1,mick1p6,micj0ig,miciz1c,micijbi,michxa1,micgbl9,micfq95,miyiunf,miyi7w3,miyhfr7,miyguja,miyghzw,miyff90,miyetf2,miye5jp,miydxy7,miyd5lp,miyct7f,mjkdp8g,mjkbhdg,mjkb77t,mjk99im,mjk6k90,mjk537v,mk64cji,mk5zzrq,mk5v8r5,mk5u1kh,mkrvowu,mkrsmvq,mkroxqm,mlcz3vp,mlcy7mf,mlcs31p,mlcr5hr,mly9b5b,mly5pau,mly594l,mly572k,mly2o3e,mmjr50z,mmjqqo9,mmjoki3,mmjnkoj,mmjlai6,mmjk5lk,mmjjhl5,mmjjf3a,mmjgxko,mn5f5gx,mn580pc,mnqrc37,mnqr9wg,mnqogma,mnqmxa3,mnqkrxu,mocfahi,moceh1l,mocebbc,mocc9p6,mocb5cc,moc87nb,moydvdk,moydipt,moycnzo,moyc16l,moybmwa,moybfrn,moybf3k,moyaxv5,moyat7y,moyarpx,moya919,moya4dm,moy9get,moy7hpv,mpkmypc,mpkmrkb,mpkkc70,mpkk2j5,mpkivde,mpkikzv,mpkelvp,mq6jswq,mq6immf,mqsqddb,mqsn5e4,mqsjkrd,mre5iwn,mre5fhc,mre57nj,mre3buu,mre1cl7,mre19ip,mre0le8,mre0hqe"
Kaidou,"j2frqg2,j2fqidk,j2wce4c,j2w80n0,j2w59qf,j2w3iuy,j3eb5kq,j3eazad,j3eabdc,j3e7rtm,j3e6q26,j4ddoq6,j4d93qq,j4um0tc,j4ujsgs,j4ujj5m,j5t4x41,j6ao844,j6amgyz,j6ajoyk,j6aiu5z,j6ai6zk,j6agz8z,j6qwriw,j6qwn7b,j78vt3b,j78rhbc,j78k38a,j78joto,j7p1ttk,j7oz6si,j869orz,j8ma6gy,j93jayh,j93h44c,j93fxh3,j93f9q1,j9jdmwd,j9j9ogk,j9j8spz,j9j75oh,ja0mqky,ja0mi6c,ja0l04q,ja0k25f,ja0h9s0,jah4eow,jah3fwb,jaxw5ph,jaxw5bw,jbe3bmu,jbe0ctz,jbv7t8i,jbv2y80,jca66nr,jca35hp,jca2770,jca1i1l,jcrcm11,jcr2iyp,jd7fzi4,jd7etyn,jd7ebks,jdon6n1,jdon1l5,jdon0hu,jdolkr1,jdol6d9,jdol2dv,jdoim2o,jdoilwn,jdoiinh,jdogx0p,je4j2qz,je4g2cv,je4fqy3,jelf453,jeleahv,jf1g5od,jf1evcj,jf1dh89,jfi9ucf,jfya2ue,jfy5c5d,jfy3d8h,jgv958e,jhbzyea,jhbytm1,jhbuzxv,jhbuxc9,jhrvhf3,ji8rpbs,ji8oe28,jionumc,jiojtrr,jjlbzkz,jjlb6pf,jjlanbs,jjlame8,jjl83qe,jk21mxe,jk20iun,jkhlsr5,jkhlqb1,jkhinxd,jkypp0r,jlexama,jlevl9c,jlev1ia,jleuhh9,jmsw0po,jmsugz1,jmsu4wx,jmst3cy,jn8sapz,jo3a43x,jo38ssr,joj174i,joj1472,joj10on,joj0nsa,joj0fbw,joixo11,joy3znx,jpuc4nu,jpubtw1,jqbma3a,jqbip28,jqbg18j,jqqugci,jqqq5o5,jqqoqon,jr7sppa,jr7pwnb,jr7ozvr,jr7oupg,jr7nibw,jr7ktlz,jrno7t8,jrnnw23,jsku4il,jt274a0,jt260ob,jt25fw9,jt24w7x,jt23kqr,jt20hfb,jt1zb3l,jtiehev,jticsz9,jtic5ft,jti9b9v,ju0bxgy,jugyt9w,jugjag4,jugh692,juyo9gj,jvffn3b,jvfeh17,jvxmwnq,jwf0evq,jwey712,jwewvb0,jwewo6a,jwewm21,jwxa55d,jxw8uai,jxw8k36,jyd2wj2,jyd2rci,jyd15db,jzd80gb,jzd800x,jzd37uz,jzd2d1t,jzvrsib,jzvrpqk,jzvrkk3,jzvpjxh,jzvnhu5,k0e5nmf,k0e38iy,k0wqpjq,k0wnxeb,k0wkz08,k0wki5a,k1ekcgo,k1ek22s,k1ehko1,k1egtcn,k1egh19,k1efpff,k1x98ls,k1x838g,k1x7fgb,k1x6me9,k1x4i79,k3f0aar,k3ez1ft,k3eyjqc,k3eygeg,k3ey5nz,k3exg07,k3x81xr,k4emajs,k4ehhky,k4egwfp,k4wulsz,k4wrrog,k4wrrh2,k5wggco,k5wf561,k5wbcjv,k6dny6p,k6dmzwt,k6w0nva,k6vz9pf,k6vy4of,k6vx3mq,k7upmoa,k9ccacc,k9cbnuz,k9tlne1,k9tllp7,k9tl6rm,kaafwyc,karm4op,kc7sqpy,kc7sqhs,kc7qzji,kc7nzf0,kcp56nh,kcp3dbp,kcp1q39,kcp0mu7,kdojtx5,keobwnw,keo33yk,keo2c2m,kf41b4j,kg9m78k,khclxbk,kiezsiu,kof75xz,koy5dv2,koy3zgi,kqisql9,kqirmpb,kqir3x2,krlgbz7,krlg6nj,krlfoau,krleefs,krle2w4,krldwpq,krldrnq,krldozk,ksokwec,ksohwfb,kt81tzr,kt7tlej,ktqxkz8,ktqvl81,kuao6ij,ku9oiqe,kutkt4b,kutkkv7,kutki96,kvctzcf,kvcopen,kvvi9fc,kvvhjfx,kwex0l4,kweub0q,kweq1nb,kwepof3,kwxt55v,kwxsq42,kwxorhb,kxgu7qt,kxgrnoq,kxzym98,kxzy7vv,kxzxngw,kxzxe1d,kxzw526,kxzvqe3,kxzvocp,kxzodwi,kxznolw,kyjls37,kyjh81o,kyjgu8x,kz2441f,kzls4gi,l04mfz1,l04lmz2,l04kd4u,l04ka8k,l04jdic,l04jbol,l04ilbz,l0nvysi,l0nvhay,l0ntw0i,l0nt5kk,l0nt1b5,l1pgas0,l2r4tnk,l2r42l3,l2r275x,l2r1tt8,l39kow8,l4afnbq,l4a8yib,l4t0ua7,l4t0tsh,l4syj5a,l4sy5vv,l4sq2uf,l4sq29x,l5b0nqq,l6b9f04,l6b3apw,l7cxqpx,l7cwzq8,l7cvhia,l7cpn3j,l7co04i,l8xiyya,l8xg23d,l8xfeab,l9yzz7n,laicjup,laiakf5,lai8ems,lb1y0u4,lb1ub4s,lb1q2v9,lbl14d8,lbl0r9z,lc44k5r,lc40pnb,lc400n9,lc3yvg6,ld7o6px,ld7nrf4,leaxz11,leupzcm,li80tf8,lisi2uj,ljczfaz,ljxibe1,lkhif6j,lkhhjmv,ll2gq78,ll2euvt,ll2d2pi,lm78i1q,lm771iu,lm76wxq,lm71kst,lm702zj,lm6y7il,lq4cssg,lqp3imf,lrsqo0q,lrsp1eg,lsx6vdk,lthx2s1,lwho4c2,lwhhf42,ly8m0co,ly8kk16,ly8i8ag,ly8fbc6,lytq681,lytnr6c,lytmxiv,lytllpw,lytl79s,lytiyxs,lyti40e,lytfr8n,lytfm89,lzy0bsr,lzxy8fc,m142z90,m142sxu,m14024g,m1oh6b9,m28tj3f,m2t69cl,m2t515r,m2t4trg,m2t2v71,m4frlwc,m4ltkvn,m4lptxq,m6duc32,m6dtcnz,m6dsqx8,m6dsevi,m7m415u,m7m149y,m7lzod9,m7lz7i5,m8994hd,matzj6r,matxink,matxbto,matwj51,matw0jv,mattswg,mats779,mbgpqh1,mc3bt68,mc37idb,mcpu0es,mcptobc,mcppio8,mdc9pyi,mdc9mbd,mdc8w23,mdc8tcd,mdc8t5y,mdc7etn,mdc7ahu,mdc6l49,mdc6kyt,mdz00u9,mf8g4tk,mfv89gd,mghr9xx,mh3utcz,mhqdmha,micnju2,micna53,mick9d1,micj0ig,micijbi,miyk0s5,miygbr3,miyf7tb,miydxy7,mjkkg9u,mjkifza,mjk9c3x,mkrq4kn,mkrna98,mlcy7mf,mly572k,mmjnqfx,mmjnkoj,mmjh51v,mnqsfxa,mnqoudt,mocebbc,moc9gmy,moc79kc,mpkmrkb,mpki3mr,mq6jti4"
Smoker,"j2fr8vn,j2fqvkn,j6rhyy1,j6r4azp,j9j75oh,ja0qi14,jdoi1mb,je4lzme,jeliv4u,jf1fmur,jfy5ekc,jhbyqu2,jhbubg4,jiofsfj,jjlc5ef,jmst1sf,joizw68,joy27qa,jpud3r5,jr7qifr,jr7kt6b,js4mncc,jskt1f8,jugvn3v,jugllu7,juypkba,jvfgu3u,jwf1wdq,jwf0dr8,jzd8y7v,jzd8cn4,jzd4oe7,k3ez3va,k3eyog8,k3x7heh,k3x5fng,k3wz4dn,kc7rdv6,kd5uzbu,keo1cds,kfmj3as,kfre8fz,kgt0f37,kiyjztu,kjhp99g,kjh1ojd,kof7c5r,ktr5mts,kvvf7o7,kweub0q,kxgr5y1,kz29xyw,l39n9yo,l4t1u6n,l8erxqa,lai9qwj,leurh5e,lu3h9e8,m13zsul,m1oay92,m7ltviz,matu8ku,mf8d8np,mmjjblb"
Nico Robin,"j2fr644,j2w7z9y,j3e5a6j,j3e41u8,j3vidyg,j5t60ym,j5t4i94,j5t4hkj,j6aq9c7,j6apg4l,j7p29uc,j86c3y5,j8mfrem,j8mcavy,j8mc34n,j8m9x64,jdojq8c,je4mxmb,je4ki8e,je4hhn3,jellt4o,jele442,jfy5ksk,jgf47du,jgf3795,jhrpxyz,jiofsfj,jk25cq9,jlev78k,jleumfg,jlvpn5q,jmbsoj3,jmbqo5v,jo3ai88,jo39bu8,joy4nc1,jpekhrs,jqbkzay,jqqq0hl,jr7snl1,jr7o5kr,jsku959,jt23bcz,jticyi4,jugll5k,jugh9jl,jwety21,jxebw0i,jyczqrc,jyvmdb7,jzd3kjo,jzd1y7q,jzvtcgz,k2xjhu5,k2xe4k0,k2xbxdw,k5w8f4k,k6vt51j,k7uoflf,k8cgqmc,k8cfbjt,kaafu75,karg9fv,kb8y5l0,kbqp4c6,kcow8zj,kdopq3a,kdopkm4,kdopgu4,kdontxd,kdom3eu,kdokj55,kdokcoc,kdog8in,kfmgock,kgt4sdb,kgt35uv,kgt23jd,kgt0f37,kgsvza4,kgsvx72,khvyhdc,khvx26i,khvt1fq,kif6vn6,kjhox6o,kjhgsg1,kof6izq,kpgz4r3,kpguej8,kpgq99j,kq08vwz,ks55fzw,kt7swis,ktqx25z,kwevtdk,kxgupqj,kxgqxyh,kxzs93r,kz25h89,kz258tn,kz244hq,kz23qk4,kz23f9k,l04l5ux,l16liwd,l16jujr,l16iroi,l1pdtlb,l1pbz8s,l1pagjo,l28capn,l28c9qp,l39mir0,l3rwu0v,l4a1eio,l4sttfi,l4spv7c,l4spmlv,l5b5aa8,l5b4xds,l5b4rex,l5b4kx1,l5b443v,l5b3mrj,l5b3i8g,l5b1juh,l5b0l7l,l6b9f04,l6b7c29,l6u37fd,l7vt12j,l7vsm7o,l9z7dxj,l9z71gm,l9z6d16,lb1x949,lb1r6eb,lbkun8l,lc482t7,lcnosfr,ld7k4to,leuuyy2,lgj2hk7,li80tf8,lisk2i1,lisg6w8,ljd29bb,ljxpgpr,ljxmwnc,lkhlo2r,lllzphc,lm78i1q,lr8k1yo,lrsu9or,lsclcmm,lsxa0sg,lsx9m36,lsx6wgc,lsx6m9a,lthy1iu,lu3ga64,lu3f64b,lu3ek0g,lu3d66j,lvvjdey,lwhjqzh,lwgynlv,lx2obuc,lxo7236,lze17kd,m0iq7e0,m0ipfj2,m142629,m140msf,m1ocyj7,m1ocm7c,m1ochgg,m1obg6t,m1o9kj5,m1o8mws,m2t5zkq,m2t1fbs,m3cysrf,m3uer9b,m3u93sn,m4fu3ws,m4fk2lo,m4lx1y3,m4lvyin,m4lti1x,m4lsst0,m4lpakw,m4lotv5,m5saerd,m7m4sdt,matv5ot,mcpt2jb,mfveptp,mghs4ap,mghqtg1,mjkkg9u,mlcymi3,mlcry4b,mly9ldf,mnqqj7h,mqss34y,mqsl4zt,mre0hqe"
Sanji,"j2fr644,j2fov0b,j3eeiyv,j3ee8un,j3eduib,j3ecoy6,j3e4mv6,j3e41u8,j3vr2bc,j4upupy,j4upulw,j4un9eq,j4umupo,j4um1qr,j5t4hkj,j5t3y4p,j6apjl9,j6anahm,j6amey4,j6ajfut,j7p29uc,j7oyrn6,j7oxm9j,j7owtns,j7oupok,j866nl4,j865g8f,j8mgnoy,j8mgfh3,j8mgdvd,j8mfrem,j8mf8oj,j8me9un,j8mdjaz,j8md79o,j8mc34n,j8m9o8d,j93luoc,j93lo5d,j93erxz,j93dd5e,j93c6hq,j93bur0,j9ja74r,j9j85zx,j9j5b2n,ja0raz2,ja0jtp0,ja0jl2q,ja0jhyq,jah4nii,jah464a,jah38r8,jah00e8,jay630p,jay2pwg,jay20sj,jay164z,jay10fk,jaxweb9,jaxv8ld,jbe3kwp,jbe2l6j,jbe0w7o,jbdze75,jbdyzli,jca49c4,jca2z54,jca2rhy,jca1hom,jcrd38l,jcrcmd2,jcrav31,jd7eymh,jdom0eb,jdolzuq,jdoluc9,jdolsa3,jdok89v,jdojrn2,jdojjuy,je4mxmb,je4mjyj,jelm92t,jelm1i6,jellkqx,jell3r3,jelj46j,jelil1r,jelg6b8,jelf9li,jf1gi4t,jf1fvdi,jf1e1dp,jfichmq,jfyavf1,jfy9nu0,jfy8thd,jfy7bz1,jfy6sx1,jfy5ksk,jfy5az9,jfy59o5,jfy4u0z,jfy30f6,jfy1ul5,jgf5w9w,jgf55gb,jgf4vre,jgf4rlj,jgf4gkh,jgf47du,jgf40ea,jgf3cel,jgf3795,jgf0y18,jgf0g2u,jgvbdzb,jgvasmn,jhbzknd,jhbxb1n,jhbw1us,jhbvv5b,jhrqctw,jhrq1e9,ji8ptng,jiop4ta,jiop25v,jiomtq9,jj5b1ga,jj59v2q,jk243sg,jk23six,jk22ssd,jkhjinj,jleyf8k,jlexr91,jlewg16,jlvr1c4,jlvqoq8,jlvpfg5,jlvp70s,jlvoc6a,jlvng4s,jlvmsxz,jlvm0r4,jmbsoj3,jmbs27u,jmstpbc,jn8r1hn,jn8pm6q,jo3d108,jo3cuoe,jo3ai88,jo3a396,jo39wko,jo38rtw,joj15hd,joj10on,joy4pnc,jpep52y,jpeo565,jpenhm0,jpekapz,jpek5mu,jqblnx5,jqbjgyy,jqbhvuh,jqbh4hz,jqbezm9,jqqtk2a,jqqr5e9,jqqong8,jqqm6mu,jr7snl1,jr7sgww,jr7qn5j,jr7q216,jr7pko6,jr7phbd,jt26uwo,jtiezjm,jticqu5,jtibgsd,jtib4qf,ju0d2y7,ju0bxgy,ju0bf4f,ju0b9ji,ju06sge,jugl15h,jvfdm49,jvxp3w0,jvxo48l,jwf1zd1,jwev4wh,jwxiq4v,jxecmmm,jxeciny,jxec2un,jxe73cy,jxw6ir0,jxw4unm,jyczxbr,jyczqrc,jyczlcp,jycz4nr,jzd9azj,jzd1y7q,jzvv8i7,jzvuj6a,jzvqwr4,jzvnnus,k1ejkk4,k1ehbpm,k1x6c36,k1x5rjr,k2f38k5,k2xlgca,k2xlabx,k2xgot9,k2xfyl2,k2xe4k0,k2xbxdw,k2x9chu,k3ez3va,k3x5vvp,k3wxvlq,k3wxcx8,k4emf92,k4eljdr,k4ekpg8,k4ekj57,k4ejs86,k4ejah4,k4eiw06,k4eh6p2,k4eh32k,k4eh1xe,k4egwfp,k4wncpc,k5e1nw5,k5e18nk,k5dzq8o,k5dxlqk,k6w255c,k6vu7j1,k6vqtze,k7ckku7,k7uqkf1,k7unpj3,k8uv14x,k9cg1e2,k9caz05,k9t7lkc,kb90qjl,kb9093r,kb8zqb5,kb8zoek,kb8vdei,kb8v5ce,kb8uuam,kb8unv6,kbqw3b8,kbqsxmn,kbqpkkx,kbqpf06,kd61bn2,kdon7tj,kdoligp,kdofyff,ke61x1p,ke60jn8,ke60gw7,keocosz,keocczi,keo96rx,keo1cds,kf41b4j,kfmh9lp,kfrdqja,kg9l0pa,kg9k9zm,kg9j8ei,kg9e4xo,kgt6el0,kgswzmc,khvxsla,kif9kri,kif90h6,kif3fgq,kiyoswf,kiykk3m,kjhoy1b,kjhox6o,kk11l7u,kk10scn,kk0zzwx,kk0tite,kk0r6jb,kof6izq,kof576u,kpgq17y,kqitfo2,kqit5cg,kqisza4,kqisql9,kqis0g1,kqirxxy,kqirn03,kqirh15,kr29fev,krlg9is,krlg4ci,krlfviu,krlfo7b,krlflpf,krldoiu,ks4y9wr,ks4wu9f,ksograx,ktr5b9a,ktr3uyn,ktr3k8q,ktr2xjz,ktqw8mu,kuao6w7,kutmajd,kutk7ez,kutjoc0,kuticoe,kuthioh,kvco0ex,kweon23,kwxp4ro,kwx6pec,kxzzpkc,kxzspxu,kxzso4g,kxzsna9,kxzs5ed,kxzqdta,kxzosxk,kyjmbv5,kyjlbev,kyjjzuc,kyjjj54,kyjix7z,kyjht3w,kyjgqdb,kyjgotw,kz28y4q,kz24w0p,kz23zmu,kz23u0q,kz23qk4,kz233jq,kz229az,kz21vkv,kz21twr,kzlu9y7,kzlrt5z,kzlnga9,kzlmbae,kzliqzl,kzlhxty,kzlg22k,kzl9uy0,l04l5ux,l04jmtb,l04ivp8,l0nzuvp,l0ny4yt,l0nxqgq,l0nwm0n,l0ntlde,l0nt5kk,l16s10s,l16ruwu,l16rqnc,l16rl9t,l16r1fe,l16qyqp,l16qfow,l16po1n,l16ogyk,l16j2ia,l16is5e,l16iroi,l16hs9n,l16gg9r,l1pqs6g,l1ppg5w,l1pnvqm,l1pm4cb,l1pkonr,l1pkl6b,l1pj6od,l1pialh,l1pd0bx,l1pc09o,l1pbu9c,l286opn,l2rdq6k,l2r75er,l2r6vb1,l2r5gyy,l2r1tpq,l39k7kw,l39k1kl,l3s1ur6,l4alm0m,l4alhb9,l4ailr9,l4ai8bj,l4aebqu,l4a8yib,l4a1eio,l4spmqg,l5b5w7z,l5b1tky,l5b1qy2,l5b0nqq,l5azbal,l5az1s2,l6b9ovb,l6b9f04,l6b6vrc,l6u4vzh,l6u4j1u,l6u3kau,l6u37fd,l6u1q29,l6u1068,l6ty183,l6twgtl,l6tu6d3,l7cwwgc,l7cukre,l7ct13y,l7cp9gy,l7coi4t,l7cnb6z,l7cmeau,l7cly3y,l7vxajr,l7vtvey,l7vqfj8,l8evppn,l8evbhk,l8euojn,l8euhrw,l8etz09,l8etkp2,l8et4ly,l8esym9,l8esu3j,l8espiy,l8esfog,l8eryka,l8ertij,l8ers06,l8er81z,l8xh0jt,l9g71ot,l9g6jl4,l9g6cy8,l9g4xxj,lai9yuj,lb1x949,lb1ud1n,lb1q80f,lb1q1jm,lbl2uo6,lbl2no8,lbl14d8,lbl0r9z,lbkzwr9,lbkzqc1,lbkz12e,lbkylwq,lbkwmpd,lbkwfjh,lbkuhx4,lbktppr,lbktiz1,lc46gcz,lc4481f,lc42uhd,lcnqku7,ld7me18,ld7k4to,ld7j66q,leaxz11,leuv9qb,leurya9,lfeu2zn,lfyjxdi,lgj3c4v,lgj1cwd,lh3dn9q,lh39m3g,lho25ue,li84q6d,li848nu,li842rk,li83pgc,li834ng,li82ypo,li82ily,li82g6o,li82dwg,li81uuh,li81fku,li80tf8,li802dc,li7yvw5,li7yul4,lisk2i1,ljd4jf3,ljd48d3,ljd3i7b,ljd373y,ljd0vqm,ljxpdbr,lkhj3ep,llm6gaf,llm44iw,llm2y4z,lm72iud,lm702zj,lq4dpis,lq4cdqa,lqp3xg4,lr8hzmf,lrsqo0q,lsciym6,lscetbb,lsx8ujc,lthxotd,lthwibq,lthveqs,lthv62u,lu3ek0g,lu3diaj,lu3ain1,luoerx5,luodbyj,lv9jh18,lv9cgy0,lvvf968,lwhx7ux,lwh447z,lx2o7fe,lxo95o6,lxo5hlb,m2906tc,m3uwbd2,m3uv4uo,m4fsmvl,m4freya,m4fk2lo,m4lxnge,m4lxn4d,m4lwvd9,m4lwpx6,m4lwbr7,m4lveou,m4lotv5,m6dtixu,m705w2f,m7009fl,m7lxg3b,m898piv,m8982ic,m9jom75,mats9em,mbgoxyw,mbgoi0e,mbgkw3o,mbgkjf9,mbgj73q,mcpstkm,mcps431,mcpqbaj,mdz1w68,mdyy0l4,mf8faog,mfvfswc,mfvdq75,mfv9boj,mfv83r7,mghvtz9,mghv99c,mghuspd,mghqsay,mhqdw1g,mhqaqsj,mhq9kt0,mhq98nn,miclzay,micgbl9,miyjbw5,miyiiry,miydleg,miy9gss,mjk9c3x,mjk8qgh,mjk7sm5,mk5y1sv,mkrq7ly,mly866j,mly6ip8,mly594l,mly1a4o,mlxzy1z,mmjrj2j,mmjoki3,mmjnuid,mmjl8wf,mnqsi95,mnqoyuq,mocg9b3,mocd127,moydipt,mpkmypc,mq6hjg8,mq6ebwi,mqsog2c,mqso4o4,mre2ivx"
Gin,"j2fpzgq,jelkqn6,ji8o98j,k4em967,kz27v9m,l8et82p,l8eqgfj,l8x91ni,lm71ly5,lm702zj"
Monkey D. Dragon,"j2fparw,j2w5po4,j3voujm,j3vimbm,j4daq4y,j6ahqri,j6qsm2j,j78phnu,j86e9c5,j8mcavy,j93jo0o,j93fxh3,ja0mu3k,jbdxkid,jbv0tpr,jcrcpfx,jdom8kc,jdoh5ev,je4mp9t,jelld1k,jelj5jv,jf1fmur,jfiagtj,jfiacjj,jgvaqut,ji8ty7c,jj5enmj,jj5eirz,jj5c71f,jj59d0q,jjlbygg,jjlb2na,jjl81re,jkhj6v1,jkypp0r,jmbrfdd,jmbqypm,jn8myoi,joj1i4i,joj0vua,jpeokc3,jpemwsq,jpejw4j,jqqts5v,jr7paot,js4k3xd,js4fv1y,jskrawg,jt23lz6,jt23kqr,ju0c1zq,jugokp1,jvxnzgl,jwf2pce,jyd22zc,jyczhgm,k0e3bco,k0wqpjq,k0wnxeb,k2x9c8c,k3eyog8,k4wq3lr,k5dys0a,k5wapb9,k6w04yv,k6vybpm,k6vx0ya,k7cm7jb,k7clu94,k7chu0b,k8cgqmc,k8cfbjt,k8cetok,k8cehzw,k8cdzt0,k8cccb3,k8cc32o,k8uxws6,k8usnu1,k8uqfmb,k8up4bs,k9cdjvu,k9c8n79,k9tnhgy,k9tlz7h,k9tlwxk,kaafg23,kaaesvz,kaaemgm,kaaeg9j,kaacirw,kaabxvi,kaabrod,kaabenm,kaab4lp,karllum,karkkqq,karh1mp,kb8z81x,kb8yruu,kb8y5l0,kb8wku3,kb8vwqw,kb8vkpp,kb8vkkl,kb8tven,kbqvibl,kbqrmde,kbqpvrg,kbqprpn,kc7qdrd,kc7o15u,kdopkm4,kdop7ek,ke62nmr,ke61p0o,ke60rrj,ke60jn8,ke5zysi,ke5wtxf,keo8rms,kf41hwc,kf41all,kf40z2e,kfmj4kd,kfmiafh,kfmeo9b,kfrf9z0,kgt7f39,kgt1rrq,khcmw7k,khckdkf,kjhgsg1,kk0nxfz,kt81bqi,kt7wzjj,kutkt4b,kutkkv7,kwevtdk,kweub0q,kwxn0hl,kxzvqe3,kyjmbv5,kyjls37,kz27zbj,l04mk6l,l0nuci1,l1pg1fq,l1pfuk8,l285ild,l39n9jk,l39muml,l39mir0,l39m13y,l39kpek,l39jswn,l3rub55,l4t0tsh,l5b5ubp,l5b4xq4,l5b3zj9,l5b196l,l6b917r,l6u79zj,l7cwrzh,l7ct52x,l7cnhzf,l7clysj,l8etoeg,l8eqer5,l8xi3r5,l8xhba2,l9z4ims,lb1y0u4,lc449kg,lc449fj,lc43o81,lc3zujm,lcnrsdv,ld7smk8,ld7m96i,ldr8bkw,ldr86au,leaxqad,leatxsf,leuttwi,leuq74m,lgj54v2,lgj1ofa,lh3e6j7,lh34w8d,ljczo7j,ljxm2p3,ljxjxox,ll2a3qu,ll28swr,llm39h4,lllz1im,lm75vkw,lq4f7yc,lr8l6nq,lrss2yq,lrsqff4,lrsn2qp,lv9lk2u,lx2lbsd,lxob8km,lxo4p9r,ly8jb0e,ly8izje,ly8ip5m,ly8gvrq,ly8fmr1,ly8ey80,lytqczn,lzxzw39,m0iy8lq,m0iq7e0,m0inzv9,m28tmnq,m28qp2d,m28pmw6,m28la4c,m28l80t,m2t6o2q,m2t36ul,m3cz944,m3uuyaj,m3ucebc,m4frxla,m562zio,m55u6j2,m55tcfo,m6duv1d,m6dtapy,m89858q,m891jo1,m8w97dm,m8w8vzl,m8w5t63,matxink,matt8wz,matpqa0,mcptobc,mdz1zff,mels9a6,mf8k6gc,mh435p4,mh3uhio,mhq9pam,micncuq,mjke10w,moc5xgr,moyc16l,moybf3k,moya4dm,mpkelvp,mpke2ce"
Nefertari Vivi,"j2fox7b,j3efzsu,j3eeyue,j3eepnu,j3edkqg,j5t2siu,jd7dtb5,jfy53m7,jhruqwd,jj5bqex,jjlbkpa,jmswfu3,jmstqyw,jvxq6or,jzd6hv1,k2f37yl,k9c8alj,kf3yyzc,kf3xo3d,kfma6t4,kg9hape,khcn07u,khch9fo,l6b4rkp,l6b4kee,l6b3odv,lbl0o3k,lc482t7,lfen4qq,ljxjarx,ll2ijku,llm0o3x,lm76hl8,lrsk697,lsxdr55,lu3ek0g,lu3bipz,lu3as9l,lze3d8a,m4ft4vy,m4fp5hp,mhq99m3,mickg9c,moyc4mk"
Yamato,"j2fox7b,j2flvp5,j2w6jlh,j3eavvg,j4dejup,j6aiyse,j6ai6zk,j6rfjqp,j86cwq1,j869orz,j863k2d,jcrcm11,jdon6n1,jdoilj7,jellt4o,jfich16,jfi8vpg,jiooc4n,jioi276,jj5ewyf,jj5bqex,jj5arha,jj5a4ic,jjlavwt,jjl7qf5,jk22ssd,jk21hno,jk20r29,jk20iun,jkhlvhd,jkhlhc5,jkhjinj,jkhjb40,jkhj4wl,jkhit4b,jkysoau,jkyrxta,jkyrez5,jkyrbab,jlexrma,jlex50q,jlvmoyj,jmsvj3d,jqbi0e0,jr7oupg,jsku1pw,jtiehev,jugun7k,jzvszif,k0womfh,k1wzs5i,k2xd559,k2xag05,k5dzubc,k6w0nva,k6vx3mq,k6vvloo,k7cpwya,kard6ta,kb8wds9,kc7oekw,kcp1q39,kd5y3yw,keo9d5j,keo93zq,kf3y6yo,kgt7gzp,khce9tu,kjh6odo,kjh389o,kof5r8h,kwevzjt,kwesolk,kweqsxu,kwepof3,kwep8ao,kwenyx8,kyjlsoy,kyjlb6s,l04ossc,l39i501,l3rwivt,l3rtm48,l4ach1g,l4acdtt,l4a7q0p,l4ssb51,l6b836u,l6tuix3,l8xi2oj,lb1ub4s,lbl14d8,lbl0r9z,lcnpow1,ldrbx3y,leaxz11,lfeohiy,lfylvwe,lgiz7wd,lhnx9rh,ljxr3oz,ljxq2ie,ljxibe1,ljxha3y,lllzixx,lllzcb0,lq4cssg,lq4cmc7,lq48ipi,lr8k7a4,lr8j9ju,lscc3gn,lsx6vdk,lthwg2a,luojexh,lwhxqik,lx2nxjh,ly8j6tg,lytmxiv,lythb42,lytfpyt,lytfm89,mc3ba0c,mdz21na,mdz0l9c,mdyxrgv,mh3ugq4,mjkkg9u,mjkifza,mjk6w67,mk5ulom,mkrt9ba,mkroorg,mlcr5hr,mnqsi95,mq6fk3g,mq6bkml,mqsm73s,mqsjpxd"
Donquixote Doflamingo,"j2flw0h,j5c22lq,j5t60ym,j5t4izh,j6rjdbm,j78v83t,j78kqwa,j7ozpjz,j7oz1f3,j93luoc,j93l4k7,jah0fns,jca1ufe,jd7e7a5,jfy5c5d,ji8qq66,jj5c71f,jj5bwy1,jjlame8,jmbs4ac,jn8ppq8,joy1qkx,jvxocr7,jweupgl,jxw6ir0,k7chm1z,kd5zmx3,ke63eig,keo1cds,khcdczm,kjh5712,kof48wa,kwxn55k,kxzvqe3,l2qxa08,l8x9zcy,leutaq4,lh3cx7s,lm6y3eh,lr8jihr,lthwcvp,lu3byja,luohovx,m3czcfw,m9ji3hj,mbgkqs0,mk623xd,mkrso4i,mre3zsz,mre0n82"
Marshall D. Teach,"j2wb7fi,j2w4981,j3vmvzm,j3vhhma,j3vgahl,j4dcdw5,j5cb3bt,j5c8f9s,j6aq86a,j6ravz4,j6qxnm2,j78k38a,j7owsbs,j8ma6gy,j8m99ln,j93l4k7,j93gc3g,j9j9pe2,ja0on4u,ja0ofv8,ja0l04q,jaxw8ws,jbe09v2,jbv5906,jbuzin0,jcrchqg,je4m0ga,jelkcm7,jelhmbq,jelhkv4,jf1foyt,jf1e74c,jfi8y87,jfy9ygh,jfy7c8p,jfy671q,jfy4v5i,jgvbade,jgvaipp,jgv9f6r,jgv8wxf,jgv82o0,jhbwz96,jhbvnlf,jhbtj7x,jioe66m,jj5azha,jlexama,jleuzgs,jmbshfs,jmbrmiw,jnpqvwr,joy1qkx,jpud3r5,jpucnth,jpua4co,jqbf4w2,jqqos0g,jqqo61f,jr7pi9t,jr7m7wn,jrnny6b,js4ivn5,js4g2mj,jsksvd7,jsks4lr,jsks114,jskr4ka,jt23kqr,jtifbb2,jticsz9,jtiapdn,jti8k8o,jugnqe8,jvfe9t0,jvxq2id,jvxocr7,jwf2pce,jwf0ocx,jwewo6a,jxee80u,jxe75cv,jzvxw0c,jzvug0u,jzvtcyw,jzvplcb,jzvorji,k0wix80,k1egxci,k1xb35b,k1xamgx,k1xag49,k1x7gib,k1x4osv,k4em1si,k4wuw3i,k4wtjb7,k4wq7d0,k4wpdmp,k8uv4kv,k9tllp7,k9t4yxs,kaaarmr,karmsog,kb8y5l0,kbqsxia,kbqsjq0,kbqqi34,kc7sqpy,kc7qocd,kcp7evm,kd6280b,kd61vpt,kd5xzuv,keochdy,kfmj4kd,kfrl6ui,kg9lkbd,kif1mgh,kif08p6,kiezla2,kk0nxfz,kof628q,koy3zgi,kpgxh75,kq0bj1f,kqitcnn,kqisza4,kqisms1,kr22w0a,ktqw8mu,ku9lqwa,kutloif,kvclj51,kxgvt8j,kxgqxyh,kyjnery,kz29zlb,kzls2f1,l0o3dme,l28d9bd,l2r05cv,l2qyzwe,l2qwqsr,l4a5hxp,l6b8eon,l8xgs2k,l9z4gdj,lai8gkc,lc44qeq,leusbi5,leuq74m,lfewo8q,lh33zps,li812kn,lisos8u,lisggi6,lisfvhq,ljd3q19,ljczo7j,lkhhjmv,llm60hh,llm5npx,llm4uct,lrss3hx,lsx7k4l,luoi593,luof2yr,lzdqm6l,m28on9h,m28nb1n,m2t2v71,m3cwai2,m3v3zfd,m3v3udv,m3v2tag,m3uyrvh,m3uw4f5,m3udfp5,m3uczrg,m3ucxb2,m4fp9ih,m4lpakw,m4lp09o,m564rhe,m70f13n,m705z22,m701r94,m7m52vx,m896oau,m8957dj,m893x5w,m893n3m,ma6ivi0,mc3ba0c,mc3acyy,mcptwr7,mdc93zd,mdc845u,mfvff8g,mfvb0kw,mghttdt,mh44ehf,mh43zyd,mhq98nn,miyg9qq,miydleg,mkrwtn1,mkrtpqf,mlcrqxp,mn59e19,moycnzo,moya919,mpkelak,mq6gjvf"
Fujitora,"j2wb5sp,j7p1ttk,j7oz6si,jbv4b9d,jbv3arc,jfiakfa,jfy53m7,jfy1cyp,ju0c1zq,ju0b8p6,ju0a9tl,ju0a449,ju07xoz,jvxp3f2,jwez5y0,k3exvpj,k4wo6f2,k5wdd90,k6dqifn,k9ce1z2,k9cagl2,k9c8uek,kb90phi,ke6337k,kif6awd,ktr3jml,kxzvqe3,l39imdf,l4a8yib,l7ctyhp,l7crzfp,l7cpbo1,l8xjh0w,l8xccrv,li8021t,lr8lye4,ly8dxxj,ma6g1cp,mbgkbft,mjk4wsr,mpkkbj2"
Akainu,"j2wb5sp,j2w80n0,j3vmmgn,j3vidyg,j3vfrma,j4dnax9,j4dixzs,j5t2gxk,j5t25mi,j6akxs4,j6aiu5z,j6r4azp,j6qzqu5,j6quypu,j78w3k2,j7p1ttk,j7oz6si,j7oxp63,j7owbca,j86a137,j868ecc,j93l4k7,ja0on4u,ja0mu3k,ja0jz6f,jbe2r9p,jbdxo3c,jbdwysv,jbv1kjz,jca2q5w,jca2ilk,jcrdsfl,jcrd36g,jd7fv1p,je4nnjz,jelkcm7,jelj5jv,jeliozr,jelei55,jf1g6h2,jf1f44p,jf1esrv,jf1eej5,jf1duwy,jfibbaj,jfiagbm,jfi8xyt,jfy5lx8,jgvb0xw,jgvatkh,jgv9xug,jgv8ma6,jgv8cae,jhrops0,ji8pplj,ji8pcjt,ji8olme,ji8o3dy,ji8nnhs,jion1g3,jiominv,jiodwgr,jiod99k,jj5ehfq,jj5cmym,jj5be6m,jj5b9d2,jj5b6k9,jj5a6ls,jj5a5gz,jj59d0q,jjlbr1p,jjlb6pf,jjlang3,jk22pbv,jk22gf2,jkhl798,jkhjzm1,jkhjy30,jkyrrr4,jley96i,jlewka8,jlewh49,jlevcfq,jlvp3s1,jlvn34m,jlvmwe9,jlvmvyv,jlvm6nc,jmbrs99,jmbrllg,jmbr2g4,jmbr0ft,jmbqxr7,jmbqotb,jmbqaiq,jmsvzjo,jmsvx5l,jnpwqcp,jnpu8nf,jnpski9,jnpshc4,jnprrp9,jo3acn4,jo3a396,joy5npb,joy30u1,jpugd9n,jpuboxv,jpua0g3,jr7omiy,jr7o2fh,jr7nibw,jr7kt6b,jr7km43,jrnod7y,jskr4ka,jt2755c,jt23kqr,jtieso8,jugxyar,jugokp1,jugh1j4,jugekqf,juyo9gj,juylrib,juyll6i,jvfhx75,jvfgko3,jvxr01b,jvxlvpy,jwf0gwa,jwez5y0,jweuvt1,jwxheve,jxeallu,jyd2rci,jzd1y7q,jzvxq6w,k0e5z9f,k0e5ury,k0e2kpw,k0wqpjq,k0wmji6,k1egxci,k1eg71a,k1x7r5h,k2xcugh,k3ey0f9,k3exkxd,k3wx0zz,k4ekepb,k4eib6y,k4wqy7h,k4wo6f2,k5e1x8g,k6w07oo,k6vtfnx,k9cfkcz,k9syx15,kaaeg9j,karllob,karkcn8,kb8x9pd,kbqvibl,kbqvhj2,kbqpwt5,kc7ot7l,kd5vw04,kdoqjkd,ke62esb,ke60378,ke5ydt9,keob7x9,kf40lkr,kf3xxma,kfmilj3,kfmfgqx,kfmffir,kfmekwt,kgt61fz,khcmw7k,khcmvnf,khcm98a,kif346x,kif14sk,kiyrd3q,kiypflz,kjh1ojd,kof96p4,kof3nkv,kpgs8cl,kq04st6,kq049kp,kqislg9,kr24mfi,kr230hk,krlgbz7,krlfoau,ks52yvz,ksog81y,kt7xfrl,kt7wzjj,ktr4gi3,kvvi9fc,kxzvqe3,kxznolw,kz2an7p,kz29own,kz23j74,l0o3dme,l16rd66,l1pqbdb,l1poc98,l1pj6zf,l1pi2qz,l1pbz8s,l39of0l,l39m13y,l39k0rc,l6b9sxz,l6b8mnb,l6tzxx8,l6tt000,l7ctyhp,l7ct1ws,l7csv15,l7criso,l7cp4pa,l8xip39,lbl065l,lc449kg,lc41mi2,ldr93np,leusuo2,lfemdeh,lfylliq,lh3dcc4,lh3cv9m,lh3b85o,lh3az1o,lh363o1,lisn4wg,lisjwu1,lisih8g,ljxmedw,lkhhxxs,lkhhjmv,lllydp9,lsccosj,lu3f9wv,luoj4tf,luofynf,lxo4hbe,ly8jxj0,ly8it4q,ly8i7mq,ly8e3n7,lytl5tq,lytj8zn,lytivny,lytin5w,lythtvb,lytg8fz,lytfowc,lzdv9gk,lzy8nez,lzy6nj6,lzy5o65,lzy0cme,m14024g,m13wqap,m3csgim,m55yzmq,m55txot,m899bt3,m897kid,m8957dj,m9jjosm,ma6jj8v,ma6j4ak,ma6h20l,matvpfp,matrri4,matro50,mc3fggq,mc3do1h,mc39lk4,mcptobc,mcpsr52,melyus6,melr2e9,mf8g4tk,mghv7jt,mh47082,mh44ehf,mh435p4,mh40row,mh3usuu,micmhkx,mjkjsy9,mjk70kp,mkrwtn1,mmjok3n,mmjoc88,mmjm9zc,mmjiynl,mn5er7j,mn5elx9,mn5dm6h,mnqt5dh,mnqsi95,moye7ew,moydb2u,moyc16l,mpkjlpi"
Coby,"j2wb5sp,j2w59qf,j3vmmgn,jcqwqxp,jf1fmur,jficwpx,jfibnd3,jfib48s,ji8niyb,jqbi0e0,jrnpdwv,jrnldh9,js4d699,jskudxf,jsktone,jsksp8a,jskrlkc,jskqkaj,jt24anr,jt1ze7i,juypq2n,jvxpeug,k1eidco,k4wjicz,kcp2xuz,kfmb9ky,kiyjztu,l2r6fez,lrsuwlc,lu3h9e8,m4lxzzo,mhq8zlj"
Boa Hancock,"j2wb5sp,j7p04wt,jbv4p83,jbv2dw2,je4hyyl,jfi949y,jfi8izg,jxw70g4,jzvplcb,k5e1mb1,keoc8iq,keob0k1,kfrdbgc,l7ctaiq,leawhzc,lear3pz,lh36zsz,lm76hl8,lr8l6nq,lxoaaoy,m3uqv3m,m4ft4vy,m6dtxtx,m898doc,m9jdkqu,m9jd2to,mdc8dy8,mfvej9v,mfv7xbc,mfv7aa7,micmhkx,micil34,moc5fwy,mpkk10z"
Garp,"j2w8omx,j2w7t4c,j2w6qv0,j3effij,j3edclc,j3ebtr0,j3voujm,j3vmvzm,j3vimbm,j3vhhma,j6rhxsu,j86bmg4,j8ma6gy,j9j9pe2,ja0mu3k,ja0m4zh,ja0l4yb,jay037y,jbv0tpr,jcrchqg,jcqwqxp,jdom8kc,jelhkv4,jf1guir,jf1gkyf,jf1gcdx,jf1g01a,jf1fy2d,jf1fmur,jf1fl9u,jf1fcg6,jf1f44p,jf1evcj,jf1erwk,jf1en1x,jf1eej5,jf1e98n,jf1e3mm,jf1duwy,jfi94ru,jfi8xyt,jgf65bd,jgf6452,jgf4lit,jgf2ar3,jgf1e3p,jgf0g2u,jgvb3kk,jgvb0xw,jgv8ls5,jgv87cr,jhbzsae,jhrquyt,jiojdky,jioioy1,jj5ehfq,jj5cmym,jj5bh0t,jj5b6k9,jj5a5gz,jj59d0q,jj58zyh,jjlc6ge,jjlc12o,jjlbdf4,jjl9os8,jjl81re,jjl7uyu,jley96i,jlewvlw,jlevcfq,jmbrfdd,jmsvx5l,joizsuf,jpemwsq,jqbi0e0,jqbf4w2,jqqugci,jqqr3ll,jr7omiy,jrnpdwv,jrnp5z4,jrnp5my,jrnot5x,jrnord4,jrnopx0,jrnooe4,jrnod7y,jrnobsv,jrno3b3,jrnn89p,jrnn4b4,jrnm01k,jrnm03i,jrnldh9,js4n05k,js4geos,jsktuxr,jskt6iq,jskt0k6,jskshwi,jsks5pv,jskrc1h,jskqlde,jt229dc,jt1ze7i,jticsz9,ju0c1zq,ju06lk1,jvff36f,jvxr01b,jvxnjuf,jwxd71b,jyvl8ie,jyvijvr,jyvfnez,jyveo4q,jzd94zm,jzd8j5s,k0e4alz,k0wmceg,k0wlg0d,k0wg12m,k2evfus,k3wyais,k4emap2,k4ei9gt,k4ehju1,k4egwfp,k4wo6f2,k4wncpc,k5w2xws,k6drg1n,k6dmsiw,k6vqk0i,k7cq3yq,k7uuzp6,k7utwp5,k7unc25,k8cgniv,k8cf3ni,k8cexar,k8cehq6,k8cdoxn,k8cdo7s,k8cd3sr,k8up4bs,k8ujmyv,k9cdjvu,k9cd22d,k9cbedn,k9cagl2,k9to3om,k9tlz7h,k9tl8a4,k9t4yxs,k9t17f7,k9syx15,kaaf094,kaabh9l,kbqvibl,kcp2xuz,kd62anw,kd61vpt,ke61p0o,keo24up,kif346x,kiyjztu,kjh9nvd,kof5r8h,kqis1yn,ksog07e,kvctzcf,kvcpb1b,kvvj0qz,kwevtdk,kxgqw00,kxzr15r,kxzqfcx,kyjhh67,kyjezst,kzljl70,l2r6fez,l39mprp,l3s1k8e,l4afnbq,l6b8mnb,l7csza6,l7crzfp,l7consi,l8eubkz,l8xdbbu,lai9ben,lbl065l,lbkzp6p,lfewogt,lfeq6ky,lfen4qq,lfem43j,lfelu20,lfynqqr,lgj5e4j,lgj1gwt,lgiz5u3,lgiyrh6,lh3b33p,lh3a2hi,lho0sgu,lhnydz1,li8021t,lqp44at,lrsvjmi,lrsp1eg,lrsncmv,lscecbk,lsccosj,lthqv3h,lu3h9e8,luoj1va,lvvk1kz,lxob8km,lxo6yc0,ly8it4q,ly8i7mq,lzychu0,lzy5o65,lzy0cme,m0iy8lq,m141qgw,m13zsul,m28qoxy,m2t6o2q,m5s32mv,m5s0xey,m9jb0fo,matzdko,matvpfp,matr4ok,matq2fa,mdcaybw,mdc845u,mkrscdi,mkrpf6l,mn59bwc,moc8h5d,moc5dor,moc49d2,moy6s64"
Franky,"j2w7vpl,j2w6tiz,j3e5a6j,j3vj15j,j3vgwr6,j5caf1e,j5sybwk,j6apg4l,j7p29uc,j7p2311,j7ovm9z,j8m9sox,jagzlh1,jcqvi1o,jele442,jfy5ksk,jfy4b8s,jgf47du,jgf3795,jhbvc4v,jhrpxyz,jionh5l,jj5bdpa,jleumfg,jn8niut,jo3ai88,jpubelx,jr7rpff,jugou8n,jugolmp,jwf0ocx,jwxb6nn,jyvjtz6,k2ezl00,k2xk7wk,k2xgg6b,k4em2qu,k4ekpg8,k4wjqpw,kdoi1hh,kdog19z,kdofyff,keo9d5j,keo6jgv,kg9k9zm,khvtl0m,kjhoy1b,kjhox6o,kjhordm,kjhn5x2,kjh1ojd,kk11l7u,kk101mw,kqirn03,kt81lqc,kxgupqj,kxzvqe3,kxzr42i,kxzqa66,l04pgi5,l04nkjq,l04m553,l0o1jvv,l16rd66,l16iroi,l7w29me,l7w0bfj,l7vzc3m,l8er81z,lai94ik,lb1ttpz,lb1qiqj,lc482t7,lc43plf,lcnnhn0,ld7k4to,leuup23,lfyixvx,lh394q5,lh36rxu,li83r7t,li7zmgz,lisp7au,lkhlo2r,lkhihnd,lr8k1yo,lu3diaj,ly8hyfb,lyto411,lzy482e,m1ogs2l,m3uxbtu,m5s6bkv,m5s4a8l,m5rv1u2,m708w57,m708671,m8w5b58,matzqcy,matv7tj,matumfj,mf8iwad,mfv80oj,mfv4ld0,mfv4kn2,miye5jp,mlcwttr,mlcry4b,mnqmxa3,moydipt,mq6cvmm,mq6cpfy"
Sabo,"j2w7err,j2w6jlh,j2w23z7,j6amixg,j6amgfg,j6akxs4,j6aiu5z,jay1dec,jaxyqsa,jaxunf6,jcrbf6k,jelld1k,jelj5jv,jeli8n7,jhrv3ts,jioioy1,jk24myw,jkhj5u3,jlex27w,jlvmvyv,jlvmrmn,jmbsmbd,jmbrs99,jmbrgv6,jmbqlbm,jmswlor,jmsvn98,jn8pm6q,jnpshc4,jpepgx0,jqbi0e0,jr7o2fh,jt23kqr,jweurn6,jweuqqw,jxeawfh,jxw4yt4,jxw3xth,k5e0hrr,k7unbpd,k8cblzt,k8uqfmb,k9c8alj,kb8yruu,kb8vwqw,kb8tven,kbqtgi1,kbqpwt5,kd5zmx3,ke62nmr,ke628uk,kf40n6x,kf3xkc7,kgt1rrq,khcg311,kof5r8h,kq0b9tj,ks51ypw,kutgqgz,kwey1n7,kwex0l4,kwesbtb,kxgqxyh,kyjlb6s,kyjk7hv,l04k9b5,l0o3dme,l2qufa4,l39m13y,l39k0rc,l4a8yib,l4a1eio,l6b8wh2,l6b8mnb,lbl1n7c,lc449fj,ldrb8op,ldrawl2,ldr8bkw,ldr86au,leat63h,lfylliq,lgj5ccf,lh3avo7,ljczo7j,lthy1iu,lthwg2a,lthuyr3,lu3fr8y,lx2nxjh,lxoa105,ly8kb0w,ly8j6tg,ly8izje,ly8gvrq,ly8ey80,lytl5tq,lytivny,m28ytv9,m4lojcb,m6dsung,m8w8t8j,mcpomew,mh47082,mh46n4o,mh448mr,mh3uhio,mh3ua9e,mmjo6cs,moyc16l,moyba6y"
Fukurou,j2w72o6
King,"j2w6tyi,j3vqpj1,j3vnwo0,j3vmu2q,j4dnax9,j4dcbaz,j4db2mv,j4da5bi,j6anxx9,j6rfjqp,j6r4fwi,j78vu5s,j78m64t,j78lzca,j7p29uc,j7ox2z3,j7owtns,j86c7pa,j8mddxp,j8m99ln,j93l8pu,j93h44c,ja0on4u,ja0m4zh,ja0jl2q,jah4eow,jbe3mb4,jbe3epi,jbe0ctz,jbv8mky,jbv6asi,jbuzv2n,jbuzp7h,jca56oi,jca4k6h,jcrabk6,jcqy0p0,jd7e786,jd7e5zf,jd7dtb5,jdom8kc,jdol6d9,jellmjm,jelieb4,jelg91s,jf1gsf5,jf1gkyf,jf1esuc,jfi95xi,jfi94ru,jfi81r8,jfy62z4,jfy5ksk,jfy2j3n,jgf4i8n,jgf2m8f,jgv9b9p,ji8ptng,ji8oojc,jion4t0,jiompp0,jiofsfj,jk25ida,jkhm1g3,jkhlqb1,jlex15r,jlewovg,jlevgeo,jleur3i,jlvrg0f,jmbrqc7,jmsvxgl,jn8rlo0,jn8qta3,jnptz4o,jo3a78b,joizjf4,jpelxqx,jpuciyd,jpubsue,jqbgsdd,jqqhtu7,jr7snl1,jr7qn5j,jr7q216,jr7pko6,jr7oupg,jr7n5q1,jrnlv0k,js4jlsu,js4hgnw,js4d0vz,jsku959,jt25jjh,jt23kqr,jticsz9,jtib13y,ju0aycq,ju0aevi,ju0a449,ju09utc,ju06sge,jwxclye,jxeei0d,jxe8kld,jxw8qrm,jxw5vja,jyd2wj2,jyczn8h,jyczbzk,jzd2d1t,k0wikvf,k1eig9s,k1ehd44,k1egrlf,k2f219s,k2ev9ph,k2xiqmt,k2xgot9,k3exg07,k3x4b5b,k3x2ir2,k3x1g76,k3wv5d8,k5w83qa,k7cmabi,k8up85b,k9c80wq,kaad3if,kb9093r,kb8ys35,kb8yju3,kb8y5l0,kbqtgi1,kbqpf06,kcp56nh,kcoyuup,ke63eig,ke5xewy,keobk07,keo93zq,kfrgjui,kfrg04o,kg9igoi,khvusn7,khvt1fq,kif346x,kif1uwq,kif0jpl,kiynysr,kof7hq6,kq0b9tj,kr2btbq,krlggby,krlfpvl,ks56m5a,ks4zgz9,ks4xv3z,kt7y23o,kt7wzjj,kt7psfn,ktqxnbt,kuthxkn,kwxusvl,kwxsq42,kxzrlsx,kxzpafx,kyjnxqm,kyjlb6s,kyjjsq8,kzltk34,kzlhd8l,l04lpy4,l04k75u,l0o2ncl,l0nxab7,l0ntlvx,l1pknl2,l1pk1l6,l28azlw,l3rx4nv,l4t0ua7,l6u7n4i,l6tqk8z,l7cs1qh,l7cndjq,l7cmw0d,l7vsm7o,l7vqul6,l8euojn,l9g5gd1,lb1vudu,lb1ub4s,lb1q2v9,lbl32j6,lbkvuj7,lbkv6mu,lbkuh83,lbktppr,lbktiz1,lbkt0bg,leaxz11,leuqqdx,lfylfmg,lgixf62,lh3ckdp,li817lo,lislwpj,lislpsa,lishqs4,ljd4us3,ljxkq2p,lkhhvo3,lrsk697,lscd8rs,luohs68,lwhwjmw,lwhwdws,ly8izje,lytm87a,lzycjhp,m1o8eqm,m2t4y9u,m3ullbm,m4lvyin,m6dxgng,m6dx97k,m6dwtna,m708p9y,m702rl5,m7m415u,m7lybs3,m89858q,m8w2paj,m9jjeqm,ma6hlyz,ma6hjbj,matwgnj,matt78e,mc37y4s,mcprmw8,mdcau6v,mdz2t01,mfv93ed,mfv4qr2,mhqf0sy,mhqbkc5,mickg9c,michxa1,mlcy7mf,mly0juq,mmjo6cs,mnqqjhm,moc49d2,mpkf1zx,mre3zsz"
Edward Newgate,"j2w6q99,j2w6g32,j3vnlx5,j3vndec,j3vm9rv,j4djj66,j5t1b2r,j6ajrnf,j6ahqri,j6r4azp,j7ozpjz,jbe2xwd,jbdyhz4,jdon0hu,jdol6d9,jelei55,jfiawet,jfi9za2,jgf65bd,jgezqzy,jiod99k,jj5a5gz,jjlc6ge,jjl9hy8,jnpvuxo,jnpq514,jqbi0e0,jqqugci,jr7m7wn,jrnn89p,jskqzxl,jt1z35r,jtia80b,ju0d28j,jxee80u,jxecdc8,k0wq1ht,k3wyvz0,k4wo6f2,k6dozpf,k6dnzic,k6dny6p,k6dnu6k,k6dnsz8,k6dm5ok,k8uv4kv,k8uq98m,k9c8ztz,kaaarmr,kd5w00z,kf40z2e,khcli3a,kiykrdg,kq096ol,kq049kp,krlgbz7,krlfoau,kvclj51,kxzxe1d,kyjgu8x,kzljl70,l0o3hbb,l39m9dz,l39kjs4,l4acmq0,l4t0ua7,l6b4pv2,l7cson1,l7vx2vm,l7vqvm7,l8xiyya,l8xgy8q,lbkvp6d,lcnnigz,leaxz11,leuryhy,leurbts,leuq74m,lho0sgu,li812kn,llm14vy,lqp2ixa,lr8kvmh,lthx2s1,lu3ek0g,luocwhn,lxo9np8,lytndwq,lytj8zn,lytfowc,m0iy8lq,m140lmu,m14024g,m2t2v71,m4ltfch,m564rhe,m708671,m702mi0,m7lzod9,m7lz7i5,ma6ii0q,ma6hxun,mcptobc,melr2e9,mh3uhio,mhq99gy,mkrvowu,mlcwqsi,mn5er7j"
Shirahoshi,"j2w6iqa,j2w5rd2,j2w55ou,j2w49b7,j2w3iuy,j7oudg0,jn8n9q5,jzvnb3e,kc7rdv6,li7zcsv,m4fsmvl,m564rhe"
Jaguar D. Saul,"j2w59qf,j78jpgd,je4gjkq,jqqg6ii,jrnlnx8,k2eyfx0,k7uoflf,ke61p0o,krldqfd,l39jnb7,lthx2s1,m0ito3m,m0ise5a,m0iq7e0,m0ipfj2,m142629,m1420lv,m140msf,m1ofbmq,m1of3n5,m1oeldw,m1ocyj7,m1oc765,m1obg6t,m1oadzn,m1oa0qh,m2t5zkq,m4lq7zl,m4lpvuj,m701lye,m700hx7,matv5ot,mats2mc,mk5zmlh,mk5yjn8,mnqrt68,moyc4mk,mre16b0"
Trafalgar D. Water Law,"j2w59qf,j2w3iuy,j3e6q26,j3e5a6j,j3vidyg,j3vhfl8,j4d9cqo,j4upulw,j5t5hvc,j5t4i94,j6r8rtw,j78tavl,j78kqwa,j78k38a,j7p1ttk,j7oz6si,j7ovnit,j869n19,j8mefe6,j8mecrd,j8ma6gy,j8m99ln,j93gfyn,j9jbvuo,j9j9ogk,j9j70e7,j9j704a,ja0kw6z,jay1hum,jay1dec,jaxyqsa,jaxxdkv,jbuzin0,jcr6ewb,jcr3jqf,jcr2iyp,jd7ei2w,jd7e5zf,jdomfdy,jdoim2o,jdoiinh,je4l0qc,jfyazme,jfy4b8s,jfy1ul5,jgvar6p,jgvaipp,jgvaf87,jgv8ls5,jgv86k3,jgv85hp,jgv82o0,jhbwz96,jhbvfal,jhrtwaj,ji8ovld,ji8o1oc,jiominv,jiombrn,jjlame8,jjl83kz,jk21jac,jmswlor,jmsugtw,joj06rd,joy2jpu,jpu6u0t,jqblk37,jr7pwnb,js4ivn5,jsktkyn,jsks114,jti9hzl,ju08v8t,juys914,juypcn7,juynctt,juym2ki,juylx9z,jwevg0o,jwettg2,jxebhm2,jxeawfh,jxw6ir0,jxw4jit,jyd2dip,jzd2rlv,k1x1u3o,k5wfk3q,k5weqmy,k5wdd90,k5wag08,k5w36kk,k6dr70i,k7cjgu3,k9cbnuz,k9cb9ka,k9cafp3,k9t4yxs,kaafwub,kaaei9e,kaaealo,karlg1k,kc7rdv6,kcp1q39,kcow8zj,kd6280b,kd5zmx3,kd5xzuv,keocczi,keo96rx,keo6jgv,kjh5712,kk0w4fh,kpgz9ez,kq0bely,kq08n0p,kq044hl,krldoiu,kt7tlej,kvcurkz,kvvinwf,kwesolk,kwxsq42,kxgzwcc,kxgsw6p,kxzym98,kz233bs,kz22lf8,l0nxab7,l16iroi,l28d9bd,l39mjtr,l4spmqg,l5b4att,l5b0e3d,l7cs1qh,l7vljql,lai9z3h,lbl14d8,lbl0r9z,lc3yf2r,ld7k4to,lfenc2v,lhnwr6v,ljxhu43,lkhlqxd,ll2dxst,lm6xidg,lqp1lks,lrsqo0q,lthsxqi,lu3fva7,lv9n1jq,lv9kksi,ly8i7pu,lytndwq,lzdsqw6,lzxzq93,m140rkk,m140b72,m1of0yi,m1oc7rj,m1obr5n,m1oahv3,m28qoxy,m28nb1n,m28lfr1,m4lr57w,m5s6u56,m5s5g8x,m5rwfzf,mcptwr7,mem18jd,mfv6kwn,miyelh7,miydha3,mkrqtdr,mnqoudt,mocdt0z,moyc4mk,moy8utb,mre0ps9"
Aokiji,"j2w59qf,j3vidyg,j3vfrma,j6quypu,j78w3k2,j78vthv,j78kkll,j78jpgd,j868ecc,ja0mu3k,ja0hvmq,jah1gbr,jbe1wsd,jca2q5w,jca2ilk,jcrchqg,je4nnjz,je4j8gt,jf1foyt,jfi9ucf,jgvb3kk,jgvb0xw,jgvakbc,jgv9i9u,jgv8rhg,jgv8o0e,jgv8ls5,jhrquyt,ji8qq66,jion1g3,jj5ehfq,jj5cmym,jj5b6k9,jjlc6ge,jjlc12o,jjlbr1p,jjlbnje,jjlaojj,jjl9hy8,jjl93oo,jjl7uyu,jkhm1dq,jkhls2m,jley96i,jlexihm,jn8q0ut,jo3aw8j,joizw68,jqblk37,jqbgsdd,jqqsq9p,jr7km43,jrnp5z4,jrnp5my,jrnoy0v,jrnord4,jrnooe4,jrnod7y,jrnnmvq,jrnnlxp,jrnmf0a,jrnm69d,jrnlnx8,js4keym,js4geos,js4fq46,js4d699,jskt6iq,jskro8w,jskrc1h,jskrbmf,jt1ze7i,jtifbb2,jti9zm7,jti9vca,ju0c1zq,jvffmsc,jvxnjuf,jwf0ocx,jwez5y0,jwety21,jwxhp0d,jzd80gb,jzd1y7q,jzvq2g3,k0e2upt,k0e2ohe,k1ekdb1,k2eyfx0,k4emap2,k4wqy7h,k4wo6f2,k9cfkcz,karmsog,kb90phi,kb90dga,kb90b2r,kd5uzvx,kf3zgmc,kg9mwps,khcgnb2,kjhnhok,kpgonsx,kqislg9,kr29828,kr26upd,ks56kku,ksog81y,ksog07e,kt7wzjj,kt7r0te,kt7qfwq,kvctzcf,kvvi9fc,kvvgpid,kvvg6kq,kxznolw,l1pigjr,l8xgs2k,l8xdbbu,lbl065l,lbkzp6p,lc43c5j,ldr8aey,lfewogt,lho2t0c,lhnyzlk,lisp7au,lisn4wg,lisk2i1,lishbfg,lisfvhq,ljd29bb,lqp41rn,lqp1e8u,lu3h9e8,lu3e1hw,lwho4c2,lytin5w,lzdywfl,m1420lv,m140msf,m1oeia1,m1ochgg,m1obg6t,m55shcc,m700hx7,m899bt3,m897kid,m896oau,mc35jpw,mcptobc,mdc845u,mghttdt,mh3vupn,mhqdv6g,mk5sz55,mlcqwff,mmjpklr,moydb2u,mqsnvqs,mre3s89,mre3buu,mre2n9x"
Neptune,j2w55ou
Holy,"j2w4t81,jca6e72,jdol2dv,jgf6aw6,jgv85cp,jjlca1t,jjlb48t,jjl9wj9,jjl83qe,jkhjhuf,jkhj5u3,jkypp0r,jleutf5,jleund3,jlvq4l0,jlvld9y,jmbskhz,jmbrmiw,jn8ptle,joy3sqt,joy3o90,joy1aik,jrnmv56,js4kjf9,jugi3i1,jvfhx75,jxefick,jxe8o9w,k1eke1q,k1x9wpf,k2xiqmt,k3eyy5w,k3x4zsv,k5dyt6w,k5w7vqx,k7uuzp6,k8cdo7s,k8cazh1,k9ce6qs,kareh8d,kd617ui,ke5zh1f,kg9iaz7,kpgvu4b,kpgq99j,ksolovq,ksokwec,ksohgvh,ktr2xjz,ktqu1ak,kuaaalg,kutlker,kvcp4lo,kweub0q,kwxn0hl,kxzxsdl,kyjf7my,l16jkr3,l28c1a9,l2r6w93,l39muml,l4a9au5,l6b6vrc,l9g78nq,lbl1n7c,ldraplw,lgj43bf,lh3e6xe,lllzcco,lm72iud,lsxbual,lv9ep3t,ly8ixgv,ly8gojv,lzxzw39,m2t6tvp,m2t5n5e,m2t4s32,m2t36ul,m2t12g7,m3czypf,m3czmki,m4fofay,m4lvayr,m4lpakw,m7lqzk9,m896u9h,m891jo1,m8w3vy6,m8w344z,ma6fi5w,matxqqz,mc39l76,mdc7yy0,mdz2l2x,mf8j2t6,mf8i6nz,mf8h9v4,mfv7aa7,micg4d1,miydx13,mjk99im,mjk5t2d,mjk537v,mjk4wsr,mk5y54n,mk5ujyk,mlcyvl1,mlcss6p,mly80ej,mmjnuid,mnqn8ug,mqsnljj,mre5fkq"
Kalifa,"j2w4luh,j6r4780,lb1x949"
Nami,"j2w4luh,j3eeyue,j3ebtuj,j3vp4yh,j6apg4l,j7p29uc,j7oujnj,jah1vjo,jah00e8,jaxw5ph,jbdyeo9,jbv35wd,je4mxmb,jf1e1dp,jficfvh,jfi76vz,jfy80cw,jfy53m7,jfy4g1q,jgf47du,jgf3795,jhbuxe7,jhrrwjw,jiofsfj,jk25cq9,jk24op0,jk23km7,jlewpjm,jlew8ks,jleumfg,jlvljpt,jn8r1hn,jn8niut,jo3ai88,joy73hv,jpekza0,jqblnx5,jqqq0hl,jqqp7em,jqqp2kn,jqqong8,jr7sgww,jr7li9v,jt251lu,jt24gmt,ju0bxgy,jugh9jl,jvfi93a,jwev4wh,jwxiq4v,jxea8ll,jyczqrc,jyvlhbp,jzd6uwk,k3exysr,k4ehnj8,k4wulsz,k6vwel0,k6vt51j,k6vsfay,k7unpj3,k9c8rlw,k9t7lkc,k9t295p,k9sxf92,kard6ta,kb9093r,kbqt5sz,kbqo5o7,kcp88gw,kd62anw,kdopgu4,kdontxd,kdoligp,kdohnbw,keo1he5,keo1cds,kf41b4j,kfrhek0,kg9hape,khch9fo,khvt1fq,kiyggxl,kjhox6o,kjhf20z,kof6y71,kof5m0l,kof4t6n,kof3nkv,kpgvu4b,kpgq17y,kq0354l,kr24gk7,ksojue2,ksojtbv,kvcqfzs,kwxt55v,kxzzj4z,kxzvqe3,kxzqa66,kz23f9k,kzlw00y,kzlvyuz,l04jmtb,l16r8l4,l16muoz,l16liwd,l16jujr,l16iroi,l16ir6c,l2r8ud6,l2qv8pv,l39mwfv,l4sqogr,l4spmlv,l6b9f04,l6u5zed,l7cuwc0,l7coi4t,lb1ttpz,lc429uw,lcnu0k0,ld7sn1w,ld7me18,ldrbs3c,ldra9b1,leaq09k,leurya9,lfeu2zn,lgj2hk7,lh3dn9q,li7zmgz,ljd42ke,llm6gaf,llm44iw,llm2y4z,lllz6dc,lm73b6o,lq44nar,lqp4mof,lqp0tgr,lr8j69s,lrsqo0q,lscetbb,lsxa0sg,lsx93dl,lsx726a,lsx6wgc,lthyba9,lu3ek0g,lv9ltv7,lwhx5vu,lwhm3qw,lwh50zn,lx2n4u1,lx2j6rd,lxo42tb,ly8k4hi,lzy4skh,m0ipkqj,m141ych,m3d15a9,m3ur6oj,m4fp5hp,m7048qg,m7037xy,m70264e,m7m1im1,m7lz7i5,m89aoke,matv5ot,mc3czzg,mcpt2jb,mdz0l9c,melrnni,micl8g3,micgu2d,micgbl9,miye5jp,mlcymi3,mlcum0u,mly57ab,mmjjblb,mmjhqp6,mmjhb5m,mnqq5lc,mnql87o,moybjc4,mpkk1ls,mq6hjg8"
Perona,"j2w4luh,jf1e1dp,jhbzkm6,jioe66m,jk23t0u,jqqs2bw,kb8wh8z,keo6mox,khvyhdc,lqp0tgr,m709byz,mghue5v,mn580pc,mre53ww,mrdyrob"
Sugar,"j2w4luh,j78o31x,jcqz57z,jf1fcwj,jkhikh7,jsku959,k6doot6,kc7ox9d,kiyrciq,lc3xic8,ll2bwm8,m6dxhd1,m705ad9,matzu10,micmw55"
Portgas D. Ace,"j2w3iuy,j2w23z7,j4dltph,j4dk33h,j4upno0,j6apvpk,j6apg4l,j6ap59h,j6amgfg,j6agz8z,j6r6rli,j864rvr,j9jdnvk,j9j75oh,ja0qi14,jbe12he,jbdwysv,jbv1vtp,jbv1kjz,jcrd36g,jdoim63,jgf4zv1,jhbubg4,jhrr6gr,jj5cmym,jj5cko9,jlevrhg,jlvmrmn,jmsvx5l,jmsvn98,jn8r3yr,joy29d3,jpu9ay9,jqqq0hl,jr7o2fh,jsks2aw,jskr7td,jt23kqr,ju0chy9,ju0bkb2,ju06sge,jvffjoe,jweuvt1,jxecdc8,jxw4yt4,jxw4r5l,jxw3xth,jxw3db6,jzvuj6a,k0wekcx,k2xadyb,k3eyog8,k3wx7lu,k6doj5g,k7upzra,k7unbpd,k8cf3ni,k8ut0ko,k9cagl2,k9c8n79,kaabetn,kaaarmr,kbqts00,kd5vu59,kd5u855,ke628uk,ke605rm,ke5ydt9,keo6jgv,keo4wse,kfmh4tx,kiezqsp,kof96p4,kof5r8h,ktqyofq,kvcpc1h,kwex8wx,kwevzjt,kwettd7,kwenqgl,kwen8wf,kxzvgta,l1pfla1,l39m9dz,l39l5nz,l4aeee6,l4aah9z,l4a8yib,l4a22b2,l4a1eio,l4spmqg,l5b0v14,l6b8mnb,l6tpt6c,l7cson1,l8xgy8q,lb1ub4s,ldrbx3y,ldr7zi5,leusbi5,leuq74m,lfemfhw,lgj5ccf,lgixkq5,lh3cz8y,lh3cv9m,lh3b33p,lh3az1o,lh3a2hi,lh38zyp,lisih8g,ljxmedw,ljxh100,ll2euap,lqp6ivn,lsx7wz7,lthx2s1,lthuyr3,luoew85,luoe3x4,lxo9np8,lxo4le3,ly8j6tg,lytj8zn,lythj3p,lze0bbg,lzdwe1k,lzy5o65,lzxy8fc,m0itzzb,m14024g,m1obag6,m28ytv9,m28xwre,m28qt3j,m28pudk,m2t2v71,m3csjan,m3csgim,m3crhen,m4lvayr,m6dsung,m709qaw,m705nu2,m703nc2,m702mi0,m702fgo,m701r94,m9jme61,m9j9hwd,matwj51,mats2mc,matrri4,matro50,matq9px,mbgogk0,mc3dm98,mcpsr52,mcpnxei,mdc7f6h,mely21j,melr2e9,mf8fxo9,mghtcgc,mh3uhio,miyhfr7,miyh1pu,mjkeene,mjkaack,mkrvowu,mmjjf3a,mpkk3md,mq6ebwi,mqsnyxw,mre2daq"
Crocodile,"j2w2qpa,j3vijzu,j5t60ym,j78lzca,j7p1ttk,j86aoe5,j93l4k7,ja0qi14,jcra026,jcqxjfc,jdolitg,je4hhn3,jf1eun0,jfi8y87,jfy53m7,jhbzryu,jhbycnp,jhrs7lr,ji8oiok,ji8o98j,jj5bddw,jmsv425,jn8r1hn,joy7i8a,joy27qa,jqbhc8m,jqbg0p8,jqqusgt,jqqsq9p,jxee80u,jzd800x,jzd7prb,jzd6hv1,jzd3e5x,jzd2dvn,jzd2d1t,k2f3nqp,k4eh7d1,k4wulsz,k8cft0g,karls28,kb8v9t6,kcow8zj,kdop7ek,kfmggex,kq06v3i,kvcurkz,kvcs6xt,kwevtdk,kweub0q,kxgx3aq,kxgv8wn,kxzqyaq,kxznyen,kz2269c,l2r1tt8,l2qu8qh,learqeq,lh38f83,lh34i02,lisj9fw,ljczjyf,lu3eonj,lv9gvxm,lzxxj83,m143wji,m3cw0rb,m3ctr8f,m6dyt6z,m7ltviz,mc391bp,mdc9gbm,micfl65,miyghzw,mk64cji,mk61zyj,mk5ucob,mkrowgn,mmjlai6,mn5en7s,mnqsfxa,moc49d2,mre1vn2"
Koby,"j3effij,jcrchqg,jf1f5zf,jfi9sj0,jfi8xyt,jgf0g2u,jhrq69u,ji8nmm8,jmsvixf,jmsugtw,jpuf103,jrnmfzq,js4m18w,js4knfe,js4k5fa,js4ivn5,js4iide,js4geos,jskscpp,jsks5pv,jskrgtg,jskr1rh,jskqv79,jskqnds,jskqkpn,jt26dzp,jt1ze7i,jticsz9,juyjyft,jvfe9t0,jwezwpb,jweurn6,jweuqqw,jxw8i11,jyvgdfu,jyvfnez,jzvt8o6,jzvorji,k4wnb8v,keob2ib,kfrlw3f,ks51ypw,ku9fivd,l0o3dme,l7csza6,l7consi,ldrb8op,ldrawl2,ldr93np,lfemdeh,lh3cz8y,lh3cv9m,lh3919k,lisnzp3,liskfz7,ll2cind,lqp2sc6,lrss3hx,lrskyio,lu3fva7,lu3f9wv,lzy8nez,m13zsul,m28nb1n,m4ft4yt,m4fsu18,m4lufui,m4lplzr,m4lnx5i,m5627v5,matu8ku,mdc8dy8,mnqsi95,mpkk3md,mqsnvqs,mqsjkrd"
Wyper,"j3eenc5,j3eedzo,j4uq5iy,k5dys0a"
Van Augur,"j3e9cno,jo3c5oc,ju09uvp,kq0b95v,kq050qx,kqit3iu,kqisrv0,kqirqrx,kqirc5o,kr26upd,kr266em,ku9lqwa,kwxw48f,kxzu9x4,kz22lf8,l04pmsc,ldr8gsg,ldr869o,lhnxh81,ll2djbz,ll2cw27"
Imu,"j3e7rtm,j3vln0c,j5t7066,j5t1icu,j6aiu5z,j78vt3b,j78u76s,j7p1n8k,j7owsbs,j86cv79,j86977y,j93gcis,j93f190,j9jay4n,j9j9p2b,j9j9f6v,jaxyvn0,jaxvjza,jbe334q,jbv0yr7,jca4iyb,jca2wxg,jca2q5w,jca2osq,jcregwh,jcrbf6k,jcqvcge,jd7flxc,jelm92t,jell6i5,jelk1ex,jeliozr,jelhdru,jelggdj,jf1d785,jfi94ru,jfi79lx,jfy4u0z,jfy2j3n,jgvasmn,jhbyp8u,jhbx37t,ji8po34,jiohrsn,jjlbrxc,jjlb2na,jjl83qe,jk25ida,jk250z6,jkhkjzv,jkhkcf0,jkhj64l,jkytw79,jkyruq3,jkyr1jc,jkyppyb,jlexo0d,jlewq2s,jlew8p1,jleutf5,jleuhh9,jmbrv0g,jmbrs99,jmbrllg,jmbrjm6,jmbr9cl,jmbr8my,jmbqvl3,jmbqnuk,jmsvn98,jmsuiqn,jmstr4p,jmst90n,jo3abo3,joj00mj,joy1j5v,jqbinsa,jqbi9n0,jqqq5o5,jr7rvcg,jr7nlup,jrnmxay,jrnlox3,jskuc1i,jskrg8k,jt23kqr,jt20fpl,ju0aq9o,jvfhx75,jvfgko3,jvff418,jvff36f,jvxlvpy,jwf2pce,jwezwpb,jxe75g6,jxe6y7v,jxw8638,jxw3qnj,jzvwcmg,k1ekpw7,k1ej2sk,k1egb8r,k1efsm7,k1xag49,k1x4980,k2xlu8x,k2xjtdo,k2xfoje,k3ezbi0,k3x0dnw,k4ejdi3,k4eib6y,k4wnndm,k5e0w1y,k5e0kod,k5dys0a,k5w53q3,k6vwwsu,k7uwmo0,k8ccl9i,k8uq377,k9cbxta,k9tl6rm,karjfwh,karimsi,kb8wp6n,kb8uuam,kcp3w54,kcoyr28,kcowhdl,ke63eig,ke61p0o,ke61fb7,keodlc6,keob7x9,keo9d5j,keo8i18,keo1l9l,keo16y9,kf40n6x,kf3z1hx,kf3xo3d,kfmgh3v,kfrjezc,kfrfds2,kg9j08r,kg9hhh1,kg9gvui,khceecs,kif4s6y,kif346x,kiym5cg,kiyea7z,kjhm5aj,kjhikw7,kjh8v3t,kk0mre9,koy68kg,koy0i6b,kpgvu4b,kpguvnp,kpgtgfl,kpgpxbg,kq04q8f,kr2btbq,kr2bn5o,kr2aeqw,ksol43l,kt7wppe,kt7r0t1,kt7pg25,kutjdli,kvctzcf,kvvi9fc,kwewof0,kweub0q,kxztuu1,kz27v9m,kz27i46,kz24rui,kz21nb4,kzlat6i,l04pmsc,l04l5ux,l04jbol,l0o3dme,l0nyz43,l0nwzrg,l16db09,l28b8lk,l28a3wq,l287gj6,l282xcb,l2r75er,l2r6vb1,l2r4ape,l2qv3tg,l39mir0,l39k5qu,l39jyy9,l3s2xlz,l3s2r9g,l3s1yio,l3s1c41,l4t0tsh,l5b5ubp,l5b5dzo,l5b4rex,l5b47kx,l5b3ga3,l5b1ps0,l5azteo,l6b917r,l6b8gb0,l6b7udp,l6b4kee,l6b44z0,l6b40hw,l6tzm5m,l7vu46v,l8et8bf,l8ess5m,l8xjkbh,l9z1ric,lai9ftw,lb1y0u4,lb1txfj,lb1qf9s,lbl32j6,lbl2upx,lbl14d8,lbkzdy2,lc44skf,lc44k5r,lc42dzt,lcnr6at,ld7scu5,lfewogt,lfettzu,lfeqy4g,lfem2lu,lfyo64q,lfynzvc,lfymk83,lfylpae,lfyjfyi,lgizgwr,lgixnaw,lh3chx7,lh36k6o,lhnxmfl,lisj91o,llm60hh,llm4uct,llm0o3x,lllzbed,lllydp9,lm76xu8,lm6wxw8,lq47bst,lqp71h3,lrsqp7l,lsckgjh,lscg31u,lthwksp,lthwebr,lthvqmo,lthrwvf,lv9ecyk,lvvnviq,lwhx5vu,lze3k46,lze3d8a,lze1vn4,lze08lh,lzy6nj6,m0itsk4,m2t6o2q,m2t39q7,m2t1xmj,m3cyiuf,m3cx9rg,m3v45rf,m4lu1iw,m4lpakw,m6dxhd1,m6dtapy,m70cyng,m892kmk,m8w8t8j,m8w48si,m9jjfcp,m9jdkai,ma6ho6j,ma6hbd3,ma6fi5w,matysz9,matv06w,mbgpqh1,mbgog13,mbgn8af,mbgmpcl,mbgl76g,mcpomew,mdcby1y,mdcbwkw,mdz1i6s,melxegg,melthuw,mfv9n8v,mh44ehf,mhqck6n,micnu7v,micg4d1,mkrw0ww,mly2opa,mly2o3e,mmjkn21,mmjj24f,mmjhe74,mn5dnj2,moyes86,moycnzo,moyc16l,moybpmj,moyaxv5,moya919,mpkelak,mrdyrob"
Eustass Kid,"j3e6q26,j4dfoux,j4d9cqo,j4upulw,j4un7di,j4uln0w,j6am4lb,j78tflm,j78tavl,j78lzca,j78kigh,j78k38a,j7p1ttk,j7oz6si,j869n19,j8mefe6,j9jdmpx,j9ja4n4,j9j84pn,j9j75oh,j9j58j8,ja0rckc,ja0imme,jah472f,jah2kkn,jay20sj,jbv1vhh,jca4k6h,jd7fhtr,jd7fdgc,jd7eu59,jd7etyn,jd7eizl,jd7ebks,jd7dx3h,jdojh2n,jdoiinh,jdoi7at,je4n6vn,je4n3fj,je4lp32,je4l0qc,je4j8gt,je4j1wy,je4hxd1,jelloyq,jelkfc8,jf1g5od,jf1fmur,jfyazme,jfy53m7,jgv99hi,jhbzmcv,jhbz0qu,jhby4m9,jhbxtd7,jhbxrn3,jhbvfal,jhbuu5i,ji8ovld,jiompp0,jiombrn,jioijp3,jkysvqk,jkyqa52,jkypp0r,jlvrk3a,jn8r3yr,joj0ca1,joj06rd,jqqusgt,jqqocmy,jr7qgk2,jsks114,jt20q8l,jtieso8,ju0d2y7,ju0a4i3,ju09bmu,ju089dz,jugqaq6,jxe76r0,jyd2dip,jyveo4q,jyvdi60,jzd2rlv,jzvsnf6,jzvrqor,k1x1u3o,k2eye8s,k2xawnl,k3x81xr,k4eljdr,k6w1lgd,k7cj5ah,k8cdo7s,k9cafp3,kaad3if,kbqsxmn,kc7rdv6,ke5xi8k,keob7x9,kgt7f39,khvueew,kk0nwcb,koy7m3w,krldoiu,kt7wzjj,kvcurkz,kvcp498,kweugvy,kweqtjh,kweop03,kwxoavj,kyjls37,kzlsxw1,kzlcxkl,l0nwkyl,l0nvqgb,l0nuky7,l0ntnnc,l0nt6np,l0nsrsy,l16muoz,l28au5r,l4a8yib,l5b4att,l6u23lu,l9g77h5,l9g5jb6,l9g5bf3,l9z25ka,laibs5p,lb1ub4s,lb1u66x,lb1spi5,lb1rshm,lbl14d8,lbl0r9z,ld7sn1w,ld7pwma,ld7onaz,ld7k4to,ldr8gsg,leawz9m,leas60w,leuu5cw,leurp9c,lfylfyu,lho3cot,lho2c75,lsxdr55,luoj4tf,luodmjx,lv9mnsg,lv9euzp,lxoap3k,lxo78o3,ly8iy56,lytl79s,lzdtco6,lzy7rgr,m140rkk,m1o8w72,m3cytuj,m3v0wj8,m3umo7e,m4frlwc,m5627v5,m5rwb5y,m7m10nz,m7lz7i5,m89858q,mdc9cn5,melzzpm,melwiva,mf8djwu,mh435p4,miciz1c,miydha3,mjkkjr5,mjkkg9u,mk62iag,mkrq7ly,mkrnu21,mkrmskx,mkrmmst,mly0juq,mq6jbmn,mq6g3ad"
Usopp,"j3e5mas,j4ujvdg,j6ahddh,j7p29uc,j86c3y5,j866nl4,j8mcpgo,jah00e8,jay2p5d,jca6678,jca41dx,jca12hn,jelkdq3,jelikag,jf1fcwj,jf1ekzh,jf1efbn,jfiaxas,jfiaewl,jfia01q,jgf55gb,jgf4rlj,jgf4gkh,jgf47du,jgf3795,jgf24i9,jhrr03t,jhrpxyz,ji8pqla,jj5dahc,jj5bf4r,jj5bdpa,jj5b5fh,jj5awcw,jj590up,jk23kfm,jkys5mc,jkyqmi9,jlvljpt,jo3cuoe,jo3boq6,joj0d41,joj0ban,joizr2v,jpekr3f,jpekapz,jpuch7u,jqqs2bw,jr7qh31,jrnnflh,jsku959,jskr7td,ju098iv,jugou8n,jugolmp,jvfhfl6,jvfgmtq,jvfe26s,jwxb6nn,jyvmdb7,jyvgtn6,jyvefuq,jzd6zpz,jzvogx0,k2f17sg,k2f0won,k2f0f3p,k2evd0c,k3exysr,k4em502,k4wqwpf,k4wl9ve,k4wjsbe,k5w75rm,k7cookd,k7uov56,k9tlkse,k9t7lkc,karmfld,kbqo5o7,kd5wqev,kdonr5h,kdonn5l,kfmetxp,kfrmch4,kg9k9zm,kg9hape,kgsxrd2,khcf5xz,kiyrciq,kjhm5aj,kjhls26,kjh9gyg,kk0r6jb,kof8wd4,kof5m0l,kof4e00,koy9gh7,kq0b95v,kq07dlt,kq05cu9,kq04vv8,kq03uwh,kq03g2w,kqitcnn,kqisrr6,kqisjw8,kqirqrx,kqirc5o,ktr414l,ktr2kob,ktr25bf,ktr1rwa,ku9n3m9,ku9lqwa,kutgyf4,kwenr4g,kwxw87p,kwxw48f,kwxt55v,kxzzj4z,kxzxwy6,kxzu9x4,kxzr42i,kxzr0mb,kz22wqj,kz22lf8,l04peni,l16iroi,l28bgkh,l39mwfv,l39mjtr,l3rwu0v,l4ah8fi,l4a1eio,l49zm7v,l5b4u67,l5azjln,l6b6tvz,l6b4m87,l7cmpaa,l7vvslt,l7vtvey,l7vlsv6,l9z7dxj,lb1xbyu,lb1x949,lb1v7gn,lbkyubf,lbkun8l,lc482t7,ld7sn1w,ldrbs3c,ldr8gsg,ldr869o,lear56r,lfew44d,lfetna9,lfesvki,lfenk0r,lgj42we,lgj2s3z,lho1w0d,lhnxb9a,lhnwhwp,li7yul4,ljd4a7y,ljd0vqm,ljxo056,ljxn9zn,ljxmwnc,ljxgyqv,ll2djbz,ll2d2lb,ll2cw27,ll2bwm8,ll2bhqq,llm2dys,lllyxqg,lm73b6o,lm710k5,lq44tzc,lqp5rnd,lqp4zur,lqp4m52,lqp4ejl,lqp47i6,lqp3xg4,lqp11dx,lqp0tgr,lrsvmc7,lrsqo0q,lscfjvk,lscdgua,lsx9y0c,lthx09z,lthugrt,lu3ek0g,lu3diaj,lu3d66j,lu3cjj1,lu3axkm,luoikgm,lv9gn48,lvvedwd,lwh7rzc,lxoa71l,lytj0tv,lzy6zs4,m1422ea,m141llk,m4fjmk4,m4lxw0z,m4lvu6u,m5s9kz7,m6dwrud,m709byz,m705ad9,m7037xy,m700hhd,m7009fl,m898doc,mbgjc6v,mc3czzg,mfv92u4,mfv8vgd,mfv4uxu,mfv4kn2,mfv4ez0,mghrcjh,micpqao,micmw55,micgoje,miye5jp,mjkbw9h,mkrne0q,mlctum8,mly80ej,mly2opa,mn59sq1,mn580pc,mnqtyjv,mnqsgrj,mnqrze3,mnqrc37,mnqr0qm,mnqqlvt,mnqnhjq,mnqkitj,mpken9x,mq6ebwi,mq6cvmm,mqsmwnh,mqsl4zt,mqsjkrd,mre51r1"
Monet,"j3e5a6j,j4umkfd,j93ic7a,jnpw3fn,jr7snl1,jr7qn5j,jr7q216,jr7pko6,jrnnw23,jyvkw5t,kf41b4j,khcfkr1,llm6gaf,lu3e1hw,mdywwzx,mghue5v,mmjkn21,moydb2u"
Brook,"j3vr2bc,j3vqmt3,j3vfuc9,j6apg4l,j7p29uc,j7oxa2e,j7ovm9z,j7oujnj,j86c3y5,jellt4o,jele442,jfy5ksk,jgf47du,jgf3795,jhrpxyz,jnpxca2,jo3ai88,jpubelx,jr7phy1,jr7nvp5,jr7n5q1,jt24cwy,jwxb6nn,jyvgk5e,k0wl2p2,k2f3anc,k5w83qa,kc7ox9d,kd5wit1,kdokj55,kdok5fl,kdojo50,kdoi7kb,ke622rr,kgt34d2,khvzist,kiyra1p,ktr1xpv,ktqyfu1,kuthioh,kuth3sf,kvctm1d,kxgupqj,kxzr42i,l0nypgn,l16ipe8,l39mwfv,l4sttfi,l6b9f04,l7vtvey,l8xjw1e,l9z7dxj,ld7n3m6,ld7me18,ld7izmx,leuw7e6,leuvo8y,leuvkga,leuuyy2,lislic9,ljxlgr8,lq45ju6,lrssibb,lsckh1e,lsx5rxx,lthwbpu,lvve0ks,m3ut3sy,m3usy6k,matzvgg,mfv4kn2,micgbl9,miyd1qs,mk5xqyr,mlctb7w,mly2bmh,mnqqjhm,mnqkitj,mrdyym8"
Jinbe,"j3vqmt3,j4dkye4,j5ce9fc,j5caf1e,j6aqfqf,j6apjl9,j6r6vmq,j78pnw3,j7p29uc,j7oupok,j7oujnj,ja0kw6z,jay0b2b,jdomf8f,jellt4o,jfichmq,jfic7iu,jfy8wq5,jgf3795,jlvsuoc,jn8r1hn,jn8niut,jn8nb0p,joy6e43,jyczxbr,jyczqrc,jycz2uh,jzd5w5f,jzd4my3,k4ehju1,k5e07s1,k9ce6qs,k9ccn2w,karmukp,kd5wdyr,kdopgu4,kdop36t,kdon7tj,kdok6fu,kdoi7kb,keo9d5j,keo6jgv,kg9hape,kg9e4xo,kgt7gzp,kgt6iqd,kgt34d2,khclxbk,khw1pld,khvznfd,khvwct9,kjhcxa5,kk11l7u,kof4t6n,kq02xgz,krle0dp,ks53m4y,ktqy5dk,kvvhqk0,kxgqw00,kzlpghp,kzlg22k,l0o0s27,l0nxqgq,l16ir6c,l5b5dzo,l6b9f04,l6tvo0e,l7cuwc0,l7cson1,l8etlqw,l8erexg,l8er81z,l8eq0qs,l9g77h5,laib4j8,lb1u8jj,lbl1gfs,lc45jyz,lcnsd2o,lcnox0l,lcnolvh,ld7lz44,leuwh50,lisk2i1,lisfvhq,lsc6mnl,lthuul3,lv9gvxm,lx2i79l,lzxzq93,m14024g,m3up3qv,m3u93sn,m55z7e3,matzqcy,mfv4utp,mfv4ld0,mhq98nn,micgbl9,mjkidyh,mkrqfpo,mly4bzo,mly3q9k,mmjoki3,mn58sf3,mnqtepg,mnqt9bv,mnqogma,mnqkitj,moyay6x,moy7g2f"
Donquixote Rosinante,"j3vontd,juyms31,k7unbpd,ks4zgz9,kwxn55k"
Mont Blanc Noland,"j3vn8s3,juyqimg,k4wrrh2,kcp88gw,l39iu69,l6b6tvz,li7zqe1"
Rocks D. Xebec,"j3vmvzm,j5cb3bt,j78tavl,ja0qot2,ja0mu3k,jbe2xwd,jf1g01a,jf1fmur,jjlbrxc,jmsu4wx,jn8rl4q,jr7snl1,jr7qn5j,jr7q216,jvffn3b,k0e38iy,k4wrrog,k5w7zzg,k6drg1n,k6dr4bf,k6dr345,k6dqvxg,k6dnt6h,k6dnrhx,k6dlugd,k6dktd2,k7upmoa,k7unlb3,k8cehq6,k9t17f7,kbqsjq0,kiyhz1y,kk0t175,kq05ybo,ktr2o2h,kvcpb1b,kwxn0hl,kxzr15r,kxzqfcx,kxzpl0c,kzljl70,l04kzba,l0o01rs,lc40l6r,m3uw4f5,m3uuyaj,m708p9y,micfbw1,mkrwtn1,mlcx3jp,mlcqh8v"
Marco,"j3vmtxb,j4dltph,j4dk33h,j5t5hvc,j6qtmmw,jah21ef,jagzw0d,jbv2y80,jbuzp7h,jiodwgr,jj59v2q,jk24qii,jk22u10,jmsvx5l,joj02o4,jpendey,jr7oupg,jrnl4g0,ju06sge,jxee80u,jxe849t,jxw4r5l,jzvwug7,k1x7r5h,k9cg97d,kif4g9k,kiyff61,kjh9yz1,kq0b9tj,kq0b89t,kq09qqn,ktr2o2h,ktqxnbt,kvvhecw,l4afnbq,l4t0ua7,l4sq2uf,l5b1tky,l8erb50,l8er7s2,l8xdbbu,lm776o1,lzdtco6,m14024g,matvpfp,matro50,mre0ps9"
Silvers Rayleigh,"j3vmi6y,j4dg32r,j4dfoux,j4ddj3o,j4daizp,j86bmg4,j9j52ad,ja0qqoc,ja0hr1u,jcrcpfx,jfi949y,jgv8xpf,jn8niut,jpuch7u,jrnp7mm,jrnouxw,jwf2pce,jwety21,k3eyog8,k9ce6qs,kb8tvy5,kbqw3b8,kbqpf06,kcp1q39,keoaxg0,keo4oaw,kfmj4kd,kfmiafh,kq0b9tj,kvcrykj,l04jbol,l4abljy,l4a8yib,l4a22b2,l6b49km,lfymwpx,lfymegh,lfylpae,lu3geig,lu3f64b,lu3d66j,lvvg2iv,m141qgw,m141llk,m8w9m95,m9jb0fo,matx74n,mbgoxyw,mbglqlp,mc388ou,mdc8vb3,mdc8dy8,mdc845u,mdc764r,mdc6kyt,mf8ic8t,micmhkx,mjk7sm5,mocb5cc,moc49d2,mre3buu,mre0ct9"
Jozu,"j4dnsbk,j6alptg,j7oz1f3,je4jatg,jgf5yke,jnpv17m,jzd80gb,kvvgpid,kvvg6kq"
Sengoku,"j4dltph,j4dk33h,j4ulh1v,j5t2gxk,j6rdmxg,j7ozpjz,j7oz1f3,ja0n63f,jd7gyta,jf1f44p,jlev78k,jnpqvwr,joizsuf,jr7omiy,jr7km43,jrnobsv,jtibmnf,jvff36f,jwf1jxi,k0e2upl,k0wnxeb,k4ei9gt,k4wo6f2,k6dmsiw,k6dlugd,k7cq3yq,k9t4yxs,kb90b2r,kfmep3y,kif346x,l2r4ape,l6tt000,l7crzfp,l8xgs2k,lh3dcc4,ljxm555,llm4woa,luoj1va,lwhuveb,lxo6yc0,ly8it4q,m13tqc8,matzdko,mdc6x1s,mqsnl1v"
Enel,"j4dkqpn,j5cece6,j5c7b4f,j5c31ol,j5c28zo,j5c22lq,j5c209w,j78lzca,j7oz1f3,j93l4k7,j93gky5,j9jb1ji,ja0ldd6,ja0kw6z,jaxy6es,jcreihb,je4knbu,jelgm8b,jfy2j3n,jhbxtd7,jhbuu5i,jhbubg4,jk24n3i,jlevl9c,jlvmrde,jnpubah,jo3bsjj,js4dcnp,jzd800x,jzd5qvm,jzd2d1t,jzvt3hd,k3wwuvm,k6vqk0i,k7upmoa,k8usx9c,karlg1k,kfmicnk,kfmg7yh,kfmg16p,kg9i695,khclsrf,kif7vet,kq04rxh,kwxedgx,kwxaxup,kxgy417,kyjc75v,kz2269c,lh36rxu,ljczo7j,lrsrtgf,lrslpoz,lwh0ksa,lzycjhp,m3uwmn1,m4fqt0s,m4fopsm,m6dyt6z,m703is5,matwi9k,matr4ok,mfvbu85,mk5u1kh,mlcr5hr,mly9b5b,mq6immf"
Charlotte Cracker,"j4dht86,j78v83t,j78kqwa,jay73ud,jaxw5ph,jo39je7,jpen7ga,jr7omiy,jt240u8,jzvq2g3,k6dqwjq,kb9093r,kb8ys35,kcowhdl,kd618ml,kk0xmwd,kq0aqvt,kxzw9jr,kxzrvvl,l9g4kwr,leawozf,leaq52p,lislx6h,lrsqo0q"
Drake,"j4dditp,j4d8h86,j5sybf2,ji8q4s9,jmswc6b,jnpx0eg,js4mgwi,kt7wsk7,kvcnrlb,kzlvzi2,l2qufa4,l4t0ua7,lb1qc41,lb1ppg5,ld7n3m6,lrsuwlc,mhqc0fy"
Killer,"j4db2mv,j5t0f8p,j5sybf2,j93h44c,j9jb5w8,j9jahlx,j9j9p2b,j9j6n1l,jagz2vs,je4l0qc,je4hecb,jelloyq,jgvar7q,jgv8crb,jjl9wct,jlevx9t,jn8mw4x,jpepbvm,jqbf4w2,jqqugci,ju0d2y7,ju0byq9,ju0bxgy,ju0bf4f,ju0befn,ju0aycq,ju0aevi,ju0a4i3,ju09bmu,ju094yh,ju08zap,ju089dz,jzd7cpc,k7uszlg,k9cbnuz,kdok5fl,keob7x9,khvq82d,koy7m3w,kq0b9tj,kqir3x2,kvctnk8,l2r4tnk,l2r275x,l5b31ax,lc3yvg6,ld7poad,ld7onuv,ld7n3m6,ld7mnsa,ld7jclt,lx2nu8p,m28s6yb,moc7b49"
Sogeking,"j4d8f9m,jhrrbui,jhrr03t,jvfhkzs,jvfhfl6,lfykqus,lhnzc11,ljxn8sy,lqp0tgr,lschsze,lxoa71l,lytiq5i,m709byz,mmjnme7"
Vergo,"j4uptax,jah0fns,jf1gcdx,jgf47du,jr7snl1,jr7qn5j,keo8ztx,keo1cds,kf41b4j,kzliqzl,miyhvdk,mlcz8tk"
Pica,"j4umkfd,jlevl9c,jr7snl1,jr7qn5j,jr7pko6,kxzpcwa,m5s8r6k"
Buggy,"j4uko50,j4ukld0,j5c4mh8,j5t25mi,j78pnw3,jbuzoq8,jbuzd6v,jbuzacq,jcrcm11,jd7e5zf,jelk5jm,jf1eun0,jgvaqut,jgv9v8d,jhrtban,ji8myff,jiom4nz,jj58zyh,jleuzgs,jlvoeu0,jn8r1hn,jnpx031,joj1u6a,joj1hzz,joj18wt,joj0e5m,joj08av,joj03g4,joizi1b,joy6946,joy32wg,joy2nng,jpelxqx,jpue3iv,jpu76ex,jqblk37,jqbhnjj,jqqpylf,jqqoywd,jugmrhw,juyr1kr,juyqbue,jwet5t9,jxeamk0,jyvijvr,jyvfvuw,jzd6uwk,k0wqyc7,k2ev8o3,k2xd3zg,k5w7zzg,k7uoflf,k8uq98m,k9trsqb,k9tncoj,k9tn2xo,kaabxvi,kbqs0t5,kcp7nob,kdop7ek,kfmj5bx,kfmahx3,khvwnfp,khvq2lp,kvcnsnj,kvcljqy,kwxusvl,kwxgdb5,kyjiogh,l1pbcx0,l2r4bop,l2qu8qh,l39owv5,l7w23lx,l8xiz60,l8xdbbu,lbkt0bg,ldrb383,lfeqy4g,lfykcjj,li812kn,lislqlq,lishecn,ljxn86t,lr8ee8y,lrslhx2,lthrm16,luoirgd,luoeox6,lwha8my,ly8l5rq,ly8jl6j,lzy186n,m140lmu,m3cxbgm,m4loyvy,m55ue65,m706io9,ma6enno,mattzv6,mbgotxv,mc3ba0c,mc391bp,mdcau6v,mdz2t01,micfbw1,miyg9qq,mmjgxje"
Bartholomew Kuma,"j5cb3bt,j5c34gp,j5t60ym,j7ovukb,j7ouev1,ja0m93k,jah27b8,jk24myw,jn8n16q,jvxrfdv,jwety21,k0e4azd,k2xfbqo,k3x5vvp,k4el9qv,k4wpvy8,k6dr70i,k6dmpyt,k6dkno4,k6w1lgd,k6w0mf9,k6vzarh,k6vycrp,k6vy5wc,k6vqtze,k7cogrz,k7cmi9g,k7cmabi,k7ckyeg,k7cks0v,k7ckjta,k7ck7a2,k7cjvc8,k7cjcqr,k7cj18i,k7chmuu,k8cgr2v,k8cd4oe,k8ccxqa,k8cctyc,k8cc32o,k8cblzt,k8cbb9c,k9ce6qs,k9c8n79,kaafg23,kaaezyd,kaaesvz,kaacix9,kaabv3g,kaabrod,kaabip3,kb8yruu,kb8y5l0,kb8vzj7,kb8shwp,kbqrmde,kbqpvrg,kbqprpn,kc7ru9j,kc7ox9d,kc7o1ce,kc7nzf0,ke62uyi,ke61uhl,ke5zysi,ke5x1yf,ke5wyqy,keo8rms,keo71o7,keo6jgv,keo1as2,kf42eab,kf42bld,kf41zto,kf41all,kf40lkr,kf3yuwl,kf3y3jp,kf3xsv9,kfmk7e2,kfmhhi1,kfrjfyg,kg9k5wx,khvzljs,khvqt51,kif6vn6,kiyh3e7,kjhgsg1,kjhfqfz,kjh4lij,kk11l7u,kk0pztp,kof3u51,kpgyvtt,kpgxh75,kpgsa8t,kq02xgz,kqir523,kqiqvrw,ksojj8t,ksogsw8,kt8192g,kt7wzjj,kt7r0te,kxgyy4p,kxgvryn,kxgs464,kxgqz7x,kxgqh9g,kxzs93r,kyjmbv5,l04m553,l04j3z4,l0nuci1,l16rtrp,l16r90s,l2qufa4,l4a8yib,l6u4vzh,l6u4j1u,l6ty183,l6twzbu,l6ttk2t,l8xdusu,l9g4jx5,laibl2l,ldrbx3y,ldrarxr,leupuvk,lgj2hk7,lho2xmi,li817lo,lkhjgr5,lllzbed,lscdppk,lze6oss,m143o1a,m13sxe3,m1o9q3y,m28pmw6,m28mn4n,m28l80t,m3v4ixj,m4freya,m6dxhd1,mem18jd,mfvff8g,mh3usuu,micna53,mjkeva9,mly2o3e,moc35n5,moye7ew,mpkju9a,mq6hjg8,mq6ex67,mre13gd"
Tony Tony Chopper,"j5caf1e,j6apg4l,j86c7pa,j86aqei,j869t0o,j8mf3jo,j8me4x7,ja0oewy,jah3v4x,jah3a3b,jagzw0d,jagywlm,jay17wa,jdojctw,jdoj524,jelkdq3,jfi8x9t,jfy5ksk,jfy4b8s,jgf47du,jgf3795,jhrpxyz,ji8ovld,jionh5l,jiofsfj,jmbqo5v,jr7o5kr,js4jlsu,jugl15h,jxw4unm,jyczgcp,jyczbzk,k2f2nra,k3wva0x,kd63ghx,kd5x0nb,kdonr5h,kdohru7,kdog7ph,keoawp5,kfmjp0x,kgt34d2,khcg311,kof5m0l,kr2208c,ktr4wj0,ktr25bf,kuthioh,kwev3qq,kwxt55v,l0nusfs,l28c7va,l2rc2jq,l39mwfv,l3rx21o,l3rwu0v,l6tuix3,l7vzc3m,l8xe6k2,l9z71gm,lb1rpz3,lc482t7,lcnox0l,ld7j66q,lgixj4r,lkhjf42,lkhiaet,lkhhlw0,lkhh655,lkhe0q0,lr8kqme,lrsqo0q,m13rmvu,m1obg6t,m3uer9b,m4lww2v,m8w82xl,matv5ot,matqbed,mc3czzg,micgbl9,mlcte51,mnqrt68,mnqogma,mnqnza8,mnqkdrh,moc7l3m,moc35n5,moydipt"
Arlong,"j5c13f7,j6qzqu5,j78pji2,j78lzca,j78l5sb,j93l4k7,jfy53m7,jgf40a9,jhrsywa,ji8re51,ji8o98j,jn8r1hn,jn8niut,jn8nb0p,jqquufs,jqqtiga,jr7q216,jt23pf8,jugeqhy,jvfg8ky,jyvijvr,jyvgtn6,jzd856p,jzd7cpc,jzd6uwk,jzd4my3,jzd2d1t,jzd1zds,jzvw6wl,k0e64mv,k1ehrrt,k4wulsz,kxzzpkc,kxzpqq6,l282ouk,lbkzkh2,lc460r0,ljxmxst,lkhknhv,lkhhjmv,lwhx7ux,lx2i79l,m141ych,m3uv4uo,m6dyqzl,micl8g3,mjk7gxg,mjk6yvp,mre5fkq"
Hody Jones,"j5c13f7,jgf5em2,jgvb08s,jugog6c,jwewo6a,jzvw6wl,jzvs905,jzvplwb,k0e64mv,ljxpj46,ly8j41j,ly8g912,lzy32xq,m13wjpk,m709byz,mjk9x0k,moy85e3"
Gecko Moria,"j5t60ym,j5t25mi,jay6xdu,jcrcm11,jcrchqg,jhbzsp3,jhbzkm6,jhrs7lr,jpuc4nu,jr7nibw,jzvt3hd,k4wulsz,k4wjbwm,k8cetok,k8cbl8o,kb8wh8z,kiyh3e7,kweub0q,kxgvryn,kxzvqe3,lkhfhmc,lkhekbr,lm6y1o8,lzxzq93,m2t4y9u,matr4ok,mfvff8g,moc8h5d,moc49d2,mrdyrob"
Cp9,"j5t60ym,j93dkuh,j9j8fy7,jaxy6es,jbv3ama,je4hoc1,joizkeh,jpua0g3,js4gl35,jvxoztf,lbl1gfs,lkhlo2r,lzdqm6l,matr4ok,moc4iei"
Ryokugyu,"j5t5wl3,jah1gbr,jjlbzkz,jjlbr1p,jjlbfhz,jjlanbs,jk24n3i,jk245tp,jrnoy0v,kb8vzus,kc7rwzy,ktr2o2h,lq482bd,luoe1qx,m899bt3"
Kanjuro,"j5t2s09,jhrvhf3,joj12oe,joj0fbw,k1x41d3,lq4cssg,moy991n"
Bepo,"j5t2if3,j8ma6gy,jgvbd0e,jgvb08s,jgvar7q,jgvar5z,jgva2rc,jgv9zyh,jgv9b9p,jgv8ls5,jgv8crb,jhrurxm,jhrqe5y,jj59h9k,jpepbvm,k5wdd90,k5wc0g6,kd6280b,kq0b9tj,kz233bs,lho0op1,lhnwtmw,m3uyrvh"
Apoo,"j5t1icu,j5syfp0,j5sybf2,jcr2iyp,jdok0kt,jnpx3bs,kuaipb1,kxgwg0f,kxgviqi,l2rcwrl,l7cwwgc,ly8f3hc"
Pedro,"j6aqfqf,j6apjl9,j6aiyse,jaxxcou,k5wdd90,kxzv0tj,kxzrlsx,kz21mi3,l0o4sqq,lwh9nz3,lytfc6f,lzdywdp,m1obynn,mhqb27d,micgbl9,mq6hjg8,mq6gk6q"
Nefertari Cobra,"j6anxx9,k7chu0b,k8usnu1,k8upucn,k9c8alj,kbqtgi1,kf40n6x,khcn07u,ksoklzm,ktqyofq,kuthyys,ly8kb0w,ly8izje,ly8gvrq,m7lzod9,m8w8t8j"
Cavendish,"j6akxs4,jo3c89u"
Charlotte Katakuri,"j6riegd,j6r4azp,j6r04kj,j78m64t,j93luoc,j93l4k7,j9jdnoj,jbv6asi,jbv5j48,je4nh7r,je4kmu7,je4kdrn,je4jynp,je4i8rx,je4h121,je4godw,jfy7mwq,jfy1k7d,jgf47du,jgvbcjh,jhbytm1,jhbxtnr,jhbubg4,jiop8lt,jpep52y,jpenhm0,jpel5iw,jpuc4nu,jqblnx5,jqbgsdd,jqqkyew,jr7omiy,jugh692,jvfhx41,jvfhvr3,jwf2pce,jwxbtz3,jxw6ir0,jyd2wj2,jycz4ot,jzd3d2c,k0e64mv,k1ek22s,k1ehhrx,k1efpff,k1x94fp,k3exg07,k4ehvtx,k5w24f6,karfzow,kdofta7,kg9g9gz,kiynysr,kjhn1b5,kjh1ojd,kof5r8h,kpgthdz,kq0b9tj,kq039mk,kuthioh,kwex8wx,kweub0q,kyjcunk,kzlthat,l04mecx,l2rcokd,l2qzyqg,l3s4bve,l4afnbq,l4a8yib,l7csxdf,l8erb50,l8er7s2,lgiz7wd,li84qj1,lislx6h,lkhg9pi,lrsoo7q,lxob8km,lxo6yc0,m4lptxq,m703is5,m9jom75,mc3ba0c,mc362p3,mcpo59l,mdc9gbm,mdz1i6s,mf8k4w2,mf8ic8t,micj0ig,miyf7tb,mmjngti,mmjnfk1,mnqsfxa,moya4dm"
Queen,"j6rfjqp,j7oxgbk,j86763y,j93jtpk,ja0nca8,jay1dec,jca13xw,jd7e786,jdohjd6,jf1f5zf,jfi95xi,jfi7lfq,jfya2ue,jfy9nu0,jfy7bz1,jgf55gb,jgf4i8n,jgf2m8f,jhbyada,ji8ptng,jj59ooc,jk236v7,jkhinxd,jlexr91,jr7snl1,jr7qn5j,jr7oupg,jtib13y,ju07nyx,ju06sge,jugyt9w,jweyjxp,jyvew67,k3x4b5b,k4wqzpc,k6dnvub,k7chg88,k9cg1e2,kaad3if,kb9093r,kb8yppq,kb8yju3,kd5vvqn,kiyff61,kjhcxa5,kk0oj3v,kk0mre9,kwevl7p,kwx6rlg,kxzpafx,kyjnxqm,kyjmzpx,kyjix7z,kyjcunk,kzlbads,l4sq2uf,l8euojn,lb1ub4s,lb1q2v9,lbl14d8,lbl0r9z,lbkzqc1,lkhjf42,lrsqo0q,m709x9h,m708671,mh42dj6,mjkighq"
Emporio Ivankov,"j6r6vmq,je4kugm,jioo057,jvxttff,k2xjheq,k6vw5zc,k8cf39e,k8cccb3,k8cblzt,kbqpvrg,kbqprpn,kjhgsg1,kyjnery,l2qufa4,l4a1vrk,l6u5gg8,l6tt09p,l7cson1,m143wji,mqsk3lv"
Kokoro,"j6r4780,jbe1c2j,m7m2akj"
Merry,"j6r4780,j8mc3w5,jhrou92,jkhju7f,jqqs2bw,ju09uvp,jwxbu6h,k3wva0x,k7uok8u,kdonr5h,leuq8v6,lfesb3u,lkhlo2r,lqp0tgr,lqp0f81,m2t1krg,mghue5v,mn580pc,mpkjndd,mq6jwja,mq6cvmm"
Chew,"j7p0i8b,mnqnbdc"
Jesus Burgess,"j86anxb,jgvaqut,jhbvevn,ju07qtr,kbqsjq0,kr29828,l5b531x"
Bellamy,"j865oc9,jfy53m7,jlewau5,jmswge6,jpepfwj,jwxhr5a,jzvupub,ldr7ywr,ldr7205,lfeqy4g,lx2j6rd,m3czcfw,m3cw0rb,m3uyrvh"
Carrot,"j8mhe1i,j8mgk22,j8mgczm,j8mahio,jaxzqbx,jca6678,jellt4o,jelgmcv,jgvbcdx,jhrq1e9,jiooc4n,jioi276,jmbrb3u,jn8si8l,ju0avv6,k0wr4v5,kbqs4cb,kgt34d2,khvtl0m,kk0rh71,kxzysl0,kxzv0tj,kxzr0mb,l04myz4,l0o4sqq,l0o4gd7,lbl14d8,lbl0r9z,lgizz9r,lkhjk3a,lkhivb0,lwh0t9k,m1o9q3y,micgbl9,mnqsc30,mq6iq3t,mq6hjg8,mq6gk6q"
Kumadori,"j8mf3jo,jgf47du,jgf3795,jhbxrn3,jjl9hee,lscf7qg"
Magellan,"j8mah3k,jay1dec,jbv4b3e,jwety21,k8uzo8a,kif4g9k,kif2beq,kk0y569,l3s1op2,leayg06,luohovx,lv9evzv,m28s96k,m4fp9ih,mdyzq0u,mly0pxn,mqsnl1v"
Tashigi,"j93lgts,jpekhrs,jqbf4w2,js4gnqr,juypkba,jyvlzx9,k3x6cfh,k4wo6f2,kiyjztu,koy6jo9,kz28min,l39n9yo,laiaphh,lai9si9,leurh5e,lv9is1c,ly8hoyy,lytjfjb,m13s1e1,m1oay92,m1o9d8d,m2t2nmd,m3umslw,m5rwg34,ma6hhrm,matu8ku,mq6ikj8"
Hawkins,"j93h44c,jdoiinh,jgv8crb,jpenhm0,jtiehev,k8utp3k,k8uqtho,koy9ye7,l3s4lh7,l7crv61,lai9z3h,m13wx8j"
Shiryu,"ja0mu3k,ja0hvmq,jgf4l5m,jgf0g2u,jhbyajb,jhbvbxh,k0wee81,kq0b9tj,kr286z2,ks552p9,l39mprp,l5b531x,lfesva2,lispbae,m28s96k"
Ryuma,"jah1vjo,jaxwxxd,jca3tf5,jpu8ppa,jr7nt7o,js4fv1y,jxe74v3,jzvuzl1,k1egh19,k2f2w4e,k2f219s,k4wrrh2,k6w04yv,k9tb5k0,kbqob7a,kbqo9jt,kiyrfla,kiym7da,kof6z0l,kxzrteh,kxzpafx,kxzon0l,kyjg5ws,l1pervf,llm06jc,lq4a24o,lq441l1,lsc627v,matxi34"
Chess,"jay6xdu,jk25bw1,keo6jgv,ksojp8g,l0nxab7,l2899j7"
Capone Bege,"jay3frb,jugqaq6,juyqwfr,k8uukw5,micgbl9"
Kin'emon,"jay1dec,jaxzqv1,k1x41d3,kcp0mu7,kfrosy9"
Charlotte Pudding,"jbv5j48,jgv8ema,jj5a1es,jlewpjm,k7uoflf,khvqq63,kzlm3ki,l0nxab7,lb1ud1n,li82ypo,llm5v03,lr8cziz,m4fsmvl,m897kid"
Laffitte,"jbv1vhh,jjl93oo,jjl83qe,jtieqc9,khvqi2g,kr26upd,lthwr5k,m3uyrvh,mghttdt"
Alvida,"jbuzacq,jf1f5zf,jpuc9z9,kq06v3i,lh3ckdp"
Kaya,"jca247x,jca12hn,kgsyy4e,lsxc59l,mn5g4gl"
Jack,"jcr6gkb,jfi9ucf,jhbycdo,jnpw90i,jqqnwbv,jyd0qiq,jzvq2g3,k3ez3va,k3x4b5b,k6vt51j,kb8ys35,khclxbk,kjhcxa5,ktr4plb,l2qufa4,l39mjtr,l4a8yib,l4t0ua7,l4t0tsh,l7cwzq8,lhnx8a9,lu3a4k0,lyti0k5,m14024g,m13ssfo,matx06h,mfvd61x,miyj6ii,mkrw0ww,mmjovw9,moyay6x,mpkfsb3"
Cabaji,jdohpc8
Dorry,"je4nnjz,kof4arb,kq02xgz,kvctzcf,ljxmwnc,lsclcmm,lsci2yc,lsc5sji,mjk5t2d,mjk537v,mmjoki3"
Squard,"jellt4o,jfib6br,jfiawet,k9ce6qs,ly8h4ov,m6dx97k,mlcrrpj"
Helmeppo,"jf1fmur,jfiaa6g,jrnpdwv,jrno4g0"
Charlotte Smoothie,"jfi81r8,jr7omiy,jt225ql,ll2cw3g"
Absalom,"jfi76vz,jioe66m,jwet9av,mre51ok"
Catarina Devon,"jfy5ksk,jvfe26s,jweuvt1,jxe9p57,lhnxh81,mq6hjg8"
Urouge,"jfy4mfg,ji8q4s9,k5wd58o,k8uukw5,l9g6x5e,lvvkpcc"
Caesar Clown,"jfy4b8s,keo1cds,kgsw6gr,kwev3qq,l04j4vm,l39mjtr,lc47wxd,m709byz,mn546nf"
Richie,jgv9v8d
Tsuru,"ji8pplj,lzdzec0,m13wtgm"
Mont Blanc Cricket,"ji8o98j,lb1ps6b,lsc651x"
Yasopp,"jj5f2ue,jj5dg48,jj5clo1,jn8niut,jqqs2bw,lhnwhwp,lqp0u8e,lrsqo0q,m143f7t"
Jabra,"jjl961g,jlvr1c4,jlvmsxz,jtiezjm,jxw2wnb,kk0vinf,kk0t3nn,kk0qkfw,kuthc79,kxzpafx,l4sqe8s"
Hannyabal,"jkhkku6,kfma6t4,m6duc32"
Marguerite,"jkhjyvh,k2xb2fy,l39l3wy,m4fjjf8"
Bentham,jkyrxta
Wapol,"jmbs68q,jmbqxuj,jzvx6e0,k3wxny8,kf40n6x,kt7q9s2,kxgwsrg,l04k9b5,l6b8wh2,lxo9l53,lxo9ak6"
Nojiko,jn8niut
Sai,"jn8n9q5,jo3c89u"
Leo,jn8n9q5
Raizo,"joj0fbw,mcptnkn"
Vista,"jpeq4t4,jr7px8i,jwxdsm4,kq043v6,kq02edx,kxzuev2,l4afnbq,l6u3lbo,l7cwzq8,l7ct1ws,l7cmzv9,l8erb50,l8er7s2,ldr9u5a,ldr7jzz,lfetaht,lismxdv,m14024g,m1ode14,m4luzak,matvpfp,matro50"
Jango,"jpeq4pv,jyvg4jf,jzd6epe,l1pbbd7"
Bell-mère,"jpekza0,m141ych,m1od5u0,m1o8mws,m2t2mh1,m7lz7i5"
Karoo,"jpekapz,k6dlpo3,k8ux55f"
Makino,"jqblta2,m3csjan"
Trebol,"jqqser5,ks4zgz9,leaz061,lv9gn48,mdyy1wv"
Charlotte Linlin,"jt225ql,jticsz9,jtia3dp,jxw67z8,k4wulsz,kq0b89t,kt7xlhb,m1oh6b9,mjk70gb"
Kuroobi,jt223wa
Hina,"jugvn3v,kiyjztu"
Pearl,"juyot39,lb1tvz0,m899383,m892num"
Camie,"juyjxxw,k6w1lgd,llm2y4z"
Kuro,"jvfg8ky,jwf3445,jwxff0s,jyvmh6o,jyvijvr,jyvgtn6,jyvg4jf,k4wulsz,l7cpbfl,lismboe"
Rebecca,"jvfese5,kaaealo,khcn07u,m4fsmvl,ma6hhrm"
Sandersonia,"jvxnvyo,l4spv7c,lrskec0"
Kawamatsu,jwxgw6h
Denjiro,jwxage5
Hatchan,"jzd5w5f,kxzpcwa,lc43mi8"
Oars,"k2xjtdo,mkrn6vx"
Hogback,"k6dnrhx,k6vrf5m,kwev3qq"
Dadan,"k9cagl2,l3s1k8e,lscecbk,m5rymqj"
Viola,"kc7rdv6,ll2bwm8"
Wanda,"kc7ox9d,kif6vn6"
Blueno,"kcp9wth,lu3axbd"
Kalgara,"kcp88gw,l4a6vak"
Riku Doldo III,"ke63eig,mre19ip"
Kyros,"khcn07u,kr27nd0,lb1rkj3,m5s8r6k"
Brogy,"kqitcnn,ld7m7md,lsclcmm,lsci2yc,lsc5sji,lzy19g5,moyalci"
Dalton,kwx9uxm
Shyarly,kwx6rlg
Koala,"l16keuv,l16jweh,lscmfda,m7m13lf,m7m0dsa,m7lte0m,m7lqzk9"
Paulie,l39mir0
Momonosuke,"l4acdtt,l9yzz7n,lu3ejdv"
Clou D. Clover,"lcnqwb2,lcnod0u,m28zk2w,m28v4mv,m28la4c,m2t4bob,m2t1fbs,m3czyxy"
Iceburg,"lho0sgu,lscljsy,lytpbhp"
Bartolomeo,"ljxmwnc,lqp0u8e,miyghzw,miyelh7"
Hack,"lkhi7l8,m5s1ky9"
Koza,"lkhfpov,lkhegvm"
Marigold,lrskec0
Fullbody,lu3f7kn
Diamante,"lu3ad85,m5s8r6k"
Nekomamushi,lwh9nz3
Buffalo,lx2lpb3
Satori,lx2l6du
Otohime,m13wjpk
Hiriluk,m4lvrk3
Thatch,mhqdber
Aladine,micgbl9
Gedatsu,moy8fgp
