character,alias
Kizaru,wizaru
Kizaru,Borsalino
Kizaru,lizaru
Kizaru,lorsalino
Kizaru,worsalino
Rob Lucci,wob Rucchi
Rob Lucci,lob Rucchi
Rob Lucci,Rob Rucchi
Rob Lucci,wob Lucci
Rob Lucci,Lucci
Rob Lucci,wucci
Rob Lucci,lucci
Rob Lucci,lob Lucci
Roronoa Zoro,wuron
Roronoa Zoro,Zoro
Roronoa Zoro,Roronoa Zolo
Roronoa Zoro,woronoa Zoro
Roronoa Zoro,lolo
Roronoa Zoro,Zolo
Roronoa Zoro,loronoa Zoro
Roronoa Zoro,loro
Roronoa Zoro,loronoa Zolo
Roronoa Zoro,wolo
Roronoa Zoro,Suron
Roronoa Zoro,woronoa Zolo
Roronoa Zoro,luron
Roronoa Zoro,woro
Dracule Mihawk,wihawk
Dracule Mihawk,Juraquille Mihawk
Dracule Mihawk,lracule Mihawk
Dracule Mihawk,wracule Mihawk
Dracule Mihawk,Mihawk
Dracule Mihawk,Mihark
Dracule Mihawk,lihawk
Dracule Mihawk,luraquille Mihawk
Dracule Mihawk,lihark
Dracule Mihawk,wuraquille Mihawk
Dracule Mihawk,wihark
Shanks,whanks
Shanks,lhanks
Monkey D. Luffy,Monch D. Roof
Monkey D. Luffy,Monkey D. Rufi
Monkey D. Luffy,lonkey D. Rufi
Monkey D. Luffy,lufi
Monkey D. Luffy,lonch D. Roof
Monkey D. Luffy,wonkey D. Rufi
Monkey D. Luffy,wonkey D. Luffy
Monkey D. Luffy,wonch D. Roof
Monkey D. Luffy,wufi
Monkey D. Luffy,lonkey D. Luffy
Monkey D. Luffy,Ruffy
Monkey D. Luffy,Rufi
Monkey D. Luffy,Luffy
Monkey D. Luffy,wuffy
Monkey D. Luffy,luffy
Kaidou,laidou
Kaidou,laido
Kaidou,Kaido
Kaidou,waido
Kaidou,waidou
Smoker,Chaser
Smoker,lmoker
Smoker,whaser
Smoker,wmoker
Smoker,lhaser
Nico Robin,wat Lowbun
Nico Robin,Robin
Nico Robin,Cat Lowbun
Nico Robin,wobin
Nico Robin,wico Robin
Nico Robin,lobin
Nico Robin,lat Lowbun
Nico Robin,lico Robin
Nico Robin,Lobin
Sanji,Sangi
Sanji,lanji
Sanji,wanji
Sanji,lunkist
Sanji,wangi
Sanji,Sunkist
Sanji,langi
Sanji,wunkist
Gin,lin
Gin,win
Marshall D. Teach,wlack Facial Hair
Marshall D. Teach,llack Facial Hair
Marshall D. Teach,lasuru D. Chocheh
Marshall D. Teach,lurohige
Marshall D. Teach,larshall D. Teech
Marshall D. Teach,Blackbeard
Marshall D. Teach,leach
Marshall D. Teach,Black Facial Hair
Marshall D. Teach,wasuru D. Chocheh
Marshall D. Teach,weach
Marshall D. Teach,wurohige
Marshall D. Teach,llackbeard
Marshall D. Teach,Teach
Marshall D. Teach,larshall D. Teach
Marshall D. Teach,warshall D. Teech
Marshall D. Teach,Kurohige
Marshall D. Teach,Marshall D. Teech
Marshall D. Teach,Masuru D. Chocheh
Marshall D. Teach,warshall D. Teach
Marshall D. Teach,wlackbeard
Fujitora,lIssho
Fujitora,lujitora
Fujitora,wIssho
Fujitora,Issho
Fujitora,wujitora
Akainu,wakazuki
Akainu,wAkainu
Akainu,lAkainu
Akainu,lakazuki
Akainu,Sakazuki
Koby,Coby
Koby,Cobby
Koby,lobby
Koby,wobby
Koby,woby
Koby,loby
Boa Hancock,wancock
Boa Hancock,lancock
Boa Hancock,woa Hancock
Boa Hancock,Hancock
Boa Hancock,loa Hancock
Monkey D. Garp,wonkey D. Garp
Monkey D. Garp,larp
Monkey D. Garp,lonkey D. Garp
Monkey D. Garp,warp
Monkey D. Garp,Garp
Garp,larp
Garp,warp
Franky,wlanky
Franky,lranky
Franky,llanky
Franky,Flanky
Franky,wranky
King,ling
King,wing
Edward Newgate,lewgate
Edward Newgate,Whitebeard
Edward Newgate,Edward Newcart
Edward Newgate,wewgate
Edward Newgate,whirohige
Edward Newgate,lhirohige
Edward Newgate,lhite Facial Hair
Edward Newgate,Shirohige
Edward Newgate,lhitebeard
Edward Newgate,white Facial Hair
Edward Newgate,lEdward Newcart
Edward Newgate,wEdward Newcart
Edward Newgate,wEdward Newgate
Edward Newgate,whitebeard
Edward Newgate,Newgate
Edward Newgate,White Facial Hair
Edward Newgate,lEdward Newgate
Yamato,wamato
Yamato,lamato
Sabo,wabo
Sabo,labo
Rocks D. Xebec,locks
Rocks D. Xebec,webec
Rocks D. Xebec,wocks D. Xebec
Rocks D. Xebec,Rocks
Rocks D. Xebec,wocks
Rocks D. Xebec,lebec
Rocks D. Xebec,Rox
Rocks D. Xebec,lox
Rocks D. Xebec,wox
Rocks D. Xebec,locks D. Xebec
Rocks D. Xebec,Xebec
Jaguar D. Saul,laguar D. Saul
Jaguar D. Saul,Hagwar D. Sauro
Jaguar D. Saul,lagwarl D. Saulo
Jaguar D. Saul,waguar D. Saul
Jaguar D. Saul,lagawa D. Saulo
Jaguar D. Saul,Hagawa D. Saulo
Jaguar D. Saul,laguar D. Saulo
Jaguar D. Saul,waul
Jaguar D. Saul,waguar D. Saulo
Jaguar D. Saul,lagwar D. Sauro
Jaguar D. Saul,Jaguar D. Saulo
Jaguar D. Saul,wagwarl D. Saulo
Jaguar D. Saul,laul
Jaguar D. Saul,wagawa D. Saulo
Jaguar D. Saul,Hagwarl D. Saulo
Jaguar D. Saul,Saul
Jaguar D. Saul,wagwar D. Sauro
Aokiji,Kuzan
Aokiji,wAokiji
Aokiji,lAokiji
Aokiji,wuzan
Aokiji,luzan
Trafalgar D. Water Law,wrafalgar Law
Trafalgar D. Water Law,Law
Trafalgar D. Water Law,law
Trafalgar D. Water Law,Trafalgar Law
Trafalgar D. Water Law,wrafalgar D. Water Law
Trafalgar D. Water Law,lrafalgar Law
Trafalgar D. Water Law,lrafalgar D. Water Law
Trafalgar D. Water Law,waw
Holy,Holly
Holy,lolly
Holy,loly
Holy,woly
Holy,wolly
Nami,lami
Nami,wami
Crocodile,lrocodile
Crocodile,wrocodile
Portgas D. Ace,Ace
Portgas D. Ace,lAce
Portgas D. Ace,wortgaz D. Ace
Portgas D. Ace,lortgaz D. Trace
Portgas D. Ace,wortgaz D. Trace
Portgas D. Ace,lortgas D. Ace
Portgas D. Ace,lortgaz D. Ace
Portgas D. Ace,Portgaz D. Trace
Portgas D. Ace,wAce
Portgas D. Ace,Portgaz D. Ace
Portgas D. Ace,wortgas D. Ace
Nefertari Vivi,livi Nefertari
Nefertari Vivi,wivi Nefertari
Nefertari Vivi,lefertari Bibi
Nefertari Vivi,wefertari Vivi
Nefertari Vivi,Vivi Nefertari
Nefertari Vivi,Nefeltari Vivi
Nefertari Vivi,Nefertari Bibi
Nefertari Vivi,livi
Nefertari Vivi,wefeltari Vivi
Nefertari Vivi,wivi
Nefertari Vivi,Vivi
Nefertari Vivi,lefeltari Vivi
Nefertari Vivi,wefertari Bibi
Nefertari Vivi,lefertari Vivi
Eustass Kid,Kid
Eustass Kid,Useless Captain Mid
Eustass Kid,wid
Eustass Kid,lEustass Kidd
Eustass Kid,waptain Mid
Eustass Kid,Captain Mid
Eustass Kid,wEustass Kidd
Eustass Kid,Eustass Kidd
Eustass Kid,lEustass Kid
Eustass Kid,wUseless Captain Mid
Eustass Kid,lUseless Captain Mid
Eustass Kid,lid
Eustass Kid,laptain Mid
Eustass Kid,wEustass Kid
Hack,wack
Hack,lack
Jack,wack
Jack,lack
Marco,warco
Marco,larco
Monkey D. Dragon,wonkey D. Dragon
Monkey D. Dragon,lragon
Monkey D. Dragon,wragon
Monkey D. Dragon,lonkey D. Dragon
Monkey D. Dragon,Dragon
Brook,lrook
Brook,lrooke
Brook,wrook
Brook,wrooke
Brook,Brooke
Sengoku,wango
Sengoku,wengoku
Sengoku,lengoku
Sengoku,Zango
Sengoku,lango
Jinbe,limbei
Jinbe,Jimbe
Jinbe,Jimbei
Jinbe,wimbei
Jinbe,winbe
Jinbe,Jinbei
Jinbe,wimbe
Jinbe,limbe
Jinbe,winbei
Jinbe,linbei
Jinbe,linbe
Enel,lEneru
Enel,lEnel
Enel,Ener
Enel,wEnel
Enel,wEneru
Enel,lEner
Enel,Eneru
Enel,wEner
Silvers Rayleigh,layleigh
Silvers Rayleigh,Rayleigh
Silvers Rayleigh,wayleigh
Silvers Rayleigh,lilvers Rayleigh
Silvers Rayleigh,wilvers Rayleigh
Killer,liller
Killer,willer
Kaku,laku
Kaku,waku
Jozu,wose
Jozu,woz
Jozu,laws
Jozu,Jaws
Jozu,waws
Jozu,loz
Jozu,lozu
Jozu,Joz
Jozu,Jose
Jozu,lose
Jozu,wozu
Buggy,luggy
Buggy,Parchy
Buggy,warchy
Buggy,wuggy
Buggy,larchy
Usopp,wUsopp
Usopp,lrook Bo
Usopp,wUsop
Usopp,lwindle Bo
Usopp,wwindle Bo
Usopp,Swindle Bo
Usopp,lUsopp
Usopp,lUsop
Usopp,wiar Bo
Usopp,wrook Bo
Usopp,Crook Bo
Usopp,wUsoppu
Usopp,lUsoppu
Usopp,liar Bo
Usopp,Usop
Usopp,Liar Bo
Usopp,Usoppu
Bartholomew Kuma,wisoromi Bear
Bartholomew Kuma,Bisoromi Bear
Bartholomew Kuma,wuma
Bartholomew Kuma,Kuma
Bartholomew Kuma,lartholomew Kuma
Bartholomew Kuma,lisoromi Bear
Bartholomew Kuma,luma
Bartholomew Kuma,wartholomew Kuma
Tony Tony Chopper,lony Tony Chopper
Tony Tony Chopper,Chopper
Tony Tony Chopper,lhopper
Tony Tony Chopper,whopper
Tony Tony Chopper,wony Tony Chopper
Arlong,wArlong
Arlong,lArlong
Donquixote Doflamingo,Don Quichotte Doflamingo
Donquixote Doflamingo,Tanjiahdo Lofulamingo
Donquixote Doflamingo,lon Quichotte de Flamingo
Donquixote Doflamingo,Don Quichotte de Flamingo
Donquixote Doflamingo,wonquixote Doflamingo
Donquixote Doflamingo,lon Quixote Doflamingo
Donquixote Doflamingo,Don Quixote Doflamingo
Donquixote Doflamingo,lanjiahdo Lofulamingo
Donquixote Doflamingo,won Quichotte Doflamingo
Donquixote Doflamingo,lon Quichotte Doflamingo
Donquixote Doflamingo,won Quichotte de Flamingo
Donquixote Doflamingo,won Quixote Doflamingo
Donquixote Doflamingo,Doflamingo
Donquixote Doflamingo,wanjiahdo Lofulamingo
Donquixote Doflamingo,loflamingo
Donquixote Doflamingo,lonquixote Doflamingo
Donquixote Doflamingo,woflamingo
Gecko Moria,lecko Moria
Gecko Moria,Gekko Moriah
Gecko Moria,lekko Moriah
Gecko Moria,Moria
Gecko Moria,loria
Gecko Moria,woria
Gecko Moria,wekko Moriah
Gecko Moria,wecko Moria
Dorry,worry
Dorry,lorry
Imu,wImu
Imu,lImu
Charlotte Katakuri,lharlotte Dogtooth
Charlotte Katakuri,latakuri
Charlotte Katakuri,wharlotte Dogtooth
Charlotte Katakuri,wharlotte Katakuri
Charlotte Katakuri,watakuri
Charlotte Katakuri,Charlotte Dogtooth
Charlotte Katakuri,Katakuri
Charlotte Katakuri,lharlotte Katakuri
Queen,wueen
Queen,lueen
Carrot,warrot
Carrot,larrot
